POS,#,Name,Inf,TM,LG,Lev,DOB,Age,NAT,HT,WT,B,T,OVR,POT,SctAcc
SP,9,Sergio Aguilera,,Texas,ABL,MLB,01/20/1999,25,MEX,6' 7',235 lbs,Left,Right,2.0 Stars,2.5 Stars,Average
SP,14,Leo Aguirre,,Phoenix,ABL,MLB,08/31/1999,24,USA,6' 0',205 lbs,Right,Right,3.0 Stars,4.0 Stars,Average
SP,11,Curt Anderson,,San Antonio,ABL,MLB,12/29/1984,39,USA,6' 4',235 lbs,Right,Left,2.5 Stars,2.5 Stars,Very Low
SP,17,Tony Andrade,,San Luis Potosí,ABL,MLB,01/12/1999,25,MEX,5' 11',195 lbs,Switch,Right,2.5 Stars,3.0 Stars,Very Low
SP,8,Bryan Arias,,Naucalpan,ABL,MLB,09/02/1996,27,USA,6' 1',200 lbs,Right,Right,2.5 Stars,2.5 Stars,Average
SP,17,Donte Austin,,Calgary,ABL,MLB,10/01/1997,26,USA,6' 8',240 lbs,Left,Left,5.0 Stars,5.0 Stars,Very Low
SP,8,Jarrod Axon,,Vancouver,ABL,MLB,01/29/1991,33,USA,5' 11',195 lbs,Left,Right,3.5 Stars,3.5 Stars,Average
SP,5,Juan Badillo,,León,ABL,MLB,11/21/1997,26,MEX,6' 2',210 lbs,Right,Right,2.5 Stars,2.5 Stars,Very Low
SP,34,Phil Baer,,New York,ABL,MLB,10/02/1996,27,USA,6' 0',200 lbs,Left,Left,3.5 Stars,4.0 Stars,Very Low
SP,15,Fritz Balcom,,Texas,ABL,MLB,09/17/1994,29,CAN,6' 7',245 lbs,Switch,Left,2.5 Stars,2.5 Stars,Average
SP,14,Stephen Behr,,Vancouver,ABL,MLB,10/28/2000,23,USA,6' 0',200 lbs,Right,Right,2.5 Stars,3.0 Stars,Average
SP,9,Vic Bergman,,Chicago,ABL,MLB,08/21/1988,35,USA,5' 10',195 lbs,Right,Right,2.0 Stars,2.0 Stars,Average
SP,12,Josh Berry,,Mérida,ABL,MLB,05/20/1997,26,USA,6' 2',210 lbs,Right,Right,2.5 Stars,2.5 Stars,Very Low
SP,12,Brad Bovenzi,,Calgary,ABL,MLB,04/19/2000,23,USA,6' 4',210 lbs,Right,Right,2.5 Stars,2.5 Stars,Very Low
SP,24,Byron Bradley,,Chicago,ABL,MLB,01/21/2001,23,USA,6' 1',200 lbs,Right,Right,2.0 Stars,2.0 Stars,Very Low
SP,8,Josh Bradley,,Guadalajara,ABL,MLB,04/09/1996,28,USA,6' 2',210 lbs,Right,Right,2.5 Stars,2.5 Stars,Low
SP,3,Nick Braun,,Quebec City,ABL,MLB,10/19/1995,28,USA,6' 2',215 lbs,Right,Right,2.5 Stars,2.5 Stars,Very Low
SP,31,Tyler Brent,,Victoria,ABL,MLB,03/09/1996,28,USA,6' 0',205 lbs,Right,Right,3.0 Stars,3.0 Stars,Very Low
SP,21,J.D. Brooks,,Acapulco,ABL,MLB,07/23/1996,27,USA,6' 0',200 lbs,Right,Right,2.0 Stars,2.0 Stars,Very Low
SP,25,Andre Brown,,Phoenix,ABL,MLB,02/18/1997,27,USA,5' 10',185 lbs,Right,Right,2.5 Stars,2.5 Stars,Very Low
SP,15,Bob Brown,,Mexico City,ABL,MLB,10/02/1996,27,USA,6' 1',205 lbs,Right,Right,2.5 Stars,2.5 Stars,Average
SP,16,Brian Buell,,Mexico City,ABL,MLB,08/26/2006,17,USA,6' 1',180 lbs,Left,Right,0.5 Stars,2.5 Stars,Very Low
SP,15,Brad Byers,,Toronto,ABL,MLB,02/04/1999,25,USA,6' 1',200 lbs,Right,Right,2.5 Stars,2.5 Stars,Average
SP,3,Billy Calabro,,Mississauga,ABL,MLB,05/28/2002,21,USA,6' 4',205 lbs,Right,Right,2.5 Stars,4.0 Stars,Very Low
SP,3,Tony Caldwell,,Puebla,ABL,MLB,10/15/2002,21,USA,6' 0',190 lbs,Right,Right,2.5 Stars,3.5 Stars,Average
SP,22,Brian Callahan,,Austin,ABL,MLB,02/05/1995,29,USA,6' 1',200 lbs,Right,Right,2.5 Stars,2.5 Stars,Average
SP,44,Jerry Cantu,,Jacksonville,ABL,MLB,04/05/1997,27,MEX,5' 10',185 lbs,Right,Right,2.5 Stars,2.5 Stars,Very Low
SP,28,Mat Carter,,Austin,ABL,MLB,04/09/2001,23,USA,6' 3',205 lbs,Right,Right,2.0 Stars,2.0 Stars,Low
SP,17,Mickey Chapman,,Colorado,ABL,MLB,09/21/2000,23,USA,6' 0',205 lbs,Right,Right,2.5 Stars,2.5 Stars,Average
SP,50,Danny Chappelle,,Windsor,ABL,MLB,09/13/1999,24,USA,6' 4',220 lbs,Right,Right,2.5 Stars,2.5 Stars,High
SP,11,Angelo Chaviano,,Acapulco,ABL,MLB,10/03/2001,22,MEX,6' 0',195 lbs,Right,Right,2.5 Stars,2.5 Stars,Average
SP,2,Jeff Codispoti,,Austin,ABL,MLB,07/27/1997,26,USA,6' 0',200 lbs,Right,Right,2.0 Stars,2.5 Stars,Average
SP,25,Angel Contreras,,Nezahualcoyotl,ABL,MLB,12/28/1999,24,MEX,6' 2',205 lbs,Right,Right,4.0 Stars,4.5 Stars,Very Low
SP,4,Wayne Cooper,,Windsor,ABL,MLB,02/14/2000,24,USA,6' 1',200 lbs,Left,Left,2.5 Stars,2.5 Stars,High
SP,5,Cody Crawford,,Fort Worth,ABL,MLB,09/03/1999,24,USA,6' 2',210 lbs,Right,Right,2.5 Stars,2.5 Stars,Very Low
SP,4,Frank Crout,,Victoria,ABL,MLB,04/28/1991,32,USA,5' 10',195 lbs,Right,Right,2.5 Stars,2.5 Stars,Very Low
SP,5,Manny Cruz,,Jacksonville,ABL,MLB,12/28/1999,24,MEX,6' 4',220 lbs,Right,Right,3.5 Stars,4.0 Stars,Average
SP,16,Ivan Cuautle,,Toronto,ABL,MLB,04/25/1999,24,MEX,6' 0',200 lbs,Right,Right,2.5 Stars,3.5 Stars,Average
SP,5,John Cunningham,,New York,ABL,MLB,04/24/1995,28,USA,6' 0',200 lbs,Switch,Left,3.5 Stars,3.5 Stars,Low
SP,18,Raleigh Currie,,Toronto,ABL,MLB,11/17/1999,24,USA,6' 1',205 lbs,Left,Right,2.0 Stars,2.0 Stars,Very Low
SP,13,Norman Dacus,,Vancouver,ABL,MLB,05/27/1993,30,USA,6' 6',235 lbs,Right,Right,4.5 Stars,4.5 Stars,Very Low
SP,21,Bobby Dane,,Fort Worth,ABL,MLB,03/03/1997,27,USA,5' 9',180 lbs,Switch,Right,2.5 Stars,2.5 Stars,Average
SP,12,Willis Diaz,,Atlanta,ABL,MLB,09/05/2002,21,MEX,6' 2',200 lbs,Left,Left,2.5 Stars,3.0 Stars,Very Low
SP,10,Chris Dunn,,San Antonio,ABL,MLB,07/31/1994,29,USA,6' 3',215 lbs,Right,Right,4.0 Stars,4.0 Stars,Low
SP,31,Travis Earles,,Fort Worth,ABL,MLB,12/30/1999,24,USA,6' 2',205 lbs,Right,Right,2.5 Stars,3.0 Stars,Average
SP,25,Adrian Edwards,,Montreal,ABL,MLB,12/15/1996,27,USA,6' 0',200 lbs,Right,Right,3.0 Stars,3.5 Stars,Very Low
SP,26,Oscar Escabar,,Naucalpan,ABL,MLB,06/11/2006,17,USA,6' 2',185 lbs,Right,Right,0.5 Stars,2.5 Stars,Low
SP,19,Dan Espinoza,,Fort Worth,ABL,MLB,11/17/2000,23,USA,6' 6',235 lbs,Right,Right,3.0 Stars,3.0 Stars,Average
SP,8,Jerry Espinoza,,New York,ABL,MLB,09/17/1998,25,MEX,6' 2',210 lbs,Left,Left,2.5 Stars,3.0 Stars,Very Low
SP,3,Antonio Esquivel,,Victoria,ABL,MLB,12/28/1997,26,MEX,6' 1',205 lbs,Left,Left,4.0 Stars,4.0 Stars,Very Low
SP,7,Luis Esquivel,,Jacksonville,ABL,MLB,03/26/2000,24,MEX,6' 2',210 lbs,Left,Left,2.5 Stars,2.5 Stars,Average
SP,55,Aiden Fairfax,,Toronto,ABL,MLB,11/18/1995,28,USA,6' 1',205 lbs,Right,Right,2.0 Stars,2.0 Stars,Very Low
SP,17,Danny Fernandez,,Puebla,ABL,MLB,04/09/1988,36,MEX,6' 4',225 lbs,Right,Right,2.5 Stars,2.5 Stars,Very Low
SP,19,Ryan Findley,,Montreal,ABL,MLB,06/06/1998,25,USA,5' 10',185 lbs,Right,Right,2.5 Stars,2.5 Stars,Very Low
SP,15,Josh Fleischman,,Mérida,ABL,MLB,06/06/1997,26,USA,6' 6',235 lbs,Right,Right,2.5 Stars,2.5 Stars,Average
SP,12,Shawn Florez,,Mexico City,ABL,MLB,07/13/1999,24,USA,6' 6',220 lbs,Switch,Right,2.5 Stars,2.5 Stars,Very Low
SP,17,Jon Flowers,,Guadalajara,ABL,MLB,03/23/1999,25,USA,6' 1',200 lbs,Switch,Left,2.5 Stars,2.5 Stars,Very Low
SP,27,Daniel Galindo,,Naucalpan,ABL,MLB,04/16/1998,25,USA,6' 7',235 lbs,Left,Left,2.0 Stars,2.0 Stars,Average
SP,3,Oscar Garcia,,San Luis Potosí,ABL,MLB,12/14/1999,24,MEX,5' 11',195 lbs,Right,Right,2.5 Stars,2.5 Stars,Average
SP,17,Eric Gatewood,,San Antonio,ABL,MLB,10/14/1997,26,USA,6' 6',225 lbs,Left,Right,2.5 Stars,2.5 Stars,Very Low
SP,17,John Gifford,,Quebec City,ABL,MLB,08/01/1997,26,USA,6' 3',215 lbs,Right,Right,4.0 Stars,4.0 Stars,Very Low
SP,15,Nick Gilmore,,Quebec City,ABL,MLB,07/04/1999,24,USA,5' 10',190 lbs,Right,Right,2.5 Stars,2.5 Stars,Average
SP,8,Craig Gladden,,Tlalnepantla,ABL,MLB,02/18/1999,25,USA,6' 4',215 lbs,Right,Right,2.5 Stars,2.5 Stars,Average
SP,31,Sean Goforth,,Tlalnepantla,ABL,MLB,04/05/2000,24,USA,6' 4',215 lbs,Left,Right,2.5 Stars,2.5 Stars,Average
SP,51,Jules Golden,,Quebec City,ABL,MLB,07/15/2000,23,USA,6' 3',215 lbs,Left,Right,3.5 Stars,4.0 Stars,Low
SP,24,Manuel Gonzales,,Mexico City,ABL,MLB,03/07/1988,36,MEX,6' 5',230 lbs,Left,Right,2.5 Stars,2.5 Stars,Average
SP,36,Tony Gonzalez,,Mexico City,ABL,MLB,06/25/1995,28,MEX,6' 2',205 lbs,Right,Right,2.5 Stars,2.5 Stars,Very Low
SP,20,Mike Gordon,,Atlanta,ABL,MLB,09/07/1995,28,USA,6' 0',195 lbs,Left,Left,2.5 Stars,2.5 Stars,Average
SP,25,Chris Grady,,Atlanta,ABL,MLB,09/08/2000,23,USA,6' 2',215 lbs,Right,Right,3.5 Stars,4.0 Stars,Very Low
SP,5,Mike Gross,,Tlalnepantla,ABL,MLB,09/01/1993,30,USA,5' 11',190 lbs,Switch,Right,2.5 Stars,2.5 Stars,Very Low
SP,20,Luis Guerra,,Phoenix,ABL,MLB,08/25/2000,23,MEX,6' 2',205 lbs,Right,Right,2.5 Stars,2.5 Stars,Average
SP,35,Tyler Hagge,,New York,ABL,MLB,06/15/2001,22,USA,6' 7',240 lbs,Switch,Right,3.0 Stars,3.5 Stars,Average
SP,22,Tom Hardy,,St. Johns,ABL,MLB,12/29/1994,29,USA,6' 2',205 lbs,Left,Left,3.5 Stars,4.0 Stars,Very Low
SP,28,Chris Harnish,,Guadalajara,ABL,MLB,08/29/2000,23,USA,6' 2',205 lbs,Left,Left,2.5 Stars,2.5 Stars,Low
SP,11,Dave Hayward,,Mexico City,ABL,MLB,12/03/1998,25,CAN,6' 1',205 lbs,Right,Right,2.5 Stars,3.0 Stars,Low
SP,7,Jamie Hedden,,Toronto,ABL,MLB,11/29/1995,28,USA,6' 8',250 lbs,Left,Left,3.5 Stars,3.5 Stars,Very Low
SP,17,Alex Hernandez,,Mississauga,ABL,MLB,09/02/1998,25,MEX,6' 0',200 lbs,Right,Right,2.5 Stars,2.5 Stars,Very Low
SP,23,Danny Hernandez,,Windsor,ABL,MLB,10/09/1999,24,MEX,6' 0',190 lbs,Right,Right,3.0 Stars,3.0 Stars,Low
SP,42,Francisco Hernandez,,Jacksonville,ABL,MLB,10/31/1997,26,MEX,6' 0',195 lbs,Right,Right,2.0 Stars,2.5 Stars,Very Low
SP,24,Ozzie Hernandez,,Phoenix,ABL,MLB,11/28/1994,29,MEX,6' 2',205 lbs,Right,Right,2.5 Stars,2.5 Stars,Very Low
SP,16,Antonio Jaimes,,Mérida,ABL,MLB,09/18/1995,28,USA,6' 1',200 lbs,Right,Right,3.0 Stars,3.0 Stars,Very Low
SP,7,Wayne Jardine,,Naucalpan,ABL,MLB,01/21/1997,27,CAN,6' 5',230 lbs,Left,Left,2.5 Stars,2.5 Stars,Very Low
SP,23,Jason Jobes,,León,ABL,MLB,12/16/1997,26,USA,6' 2',205 lbs,Right,Right,2.5 Stars,2.5 Stars,Very Low
SP,29,Dustin Kacher,,San Luis Potosí,ABL,MLB,10/10/1990,33,USA,6' 2',220 lbs,Left,Left,3.0 Stars,3.0 Stars,Very Low
SP,7,Joe Kallio,,St. Johns,ABL,MLB,08/20/1998,25,USA,6' 5',225 lbs,Right,Right,2.5 Stars,3.0 Stars,Very Low
SP,24,Mike Knapp,,Colorado,ABL,MLB,12/05/1997,26,USA,6' 4',220 lbs,Right,Right,4.0 Stars,4.0 Stars,Very Low
SP,9,Mario Lahera,,Colorado,ABL,MLB,05/16/1994,29,USA,6' 6',235 lbs,Right,Right,2.5 Stars,2.5 Stars,Average
SP,19,Pete Lamkin,,-,-,-,03/02/1995,29,USA,6' 0',200 lbs,Right,Right,1.5 Stars,1.5 Stars,Average
SP,13,Rick LeGrand,,Mérida,ABL,MLB,02/10/1994,30,USA,6' 1',200 lbs,Right,Right,2.5 Stars,2.5 Stars,Very Low
SP,19,Adrian Lewis,,St. Johns,ABL,MLB,08/24/1995,28,USA,6' 1',205 lbs,Right,Right,5.0 Stars,5.0 Stars,Very Low
SP,30,Greg Lister,,Calgary,ABL,MLB,10/29/2003,20,CAN,6' 2',190 lbs,Right,Right,2.5 Stars,2.5 Stars,Average
SP,9,Angelo Lomeli,,Mérida,ABL,MLB,07/21/2001,22,MEX,6' 1',200 lbs,Switch,Right,2.5 Stars,3.0 Stars,Average
SP,1,Antonio Lopez,,San Antonio,ABL,MLB,03/21/1993,31,MEX,6' 0',205 lbs,Right,Right,4.0 Stars,4.0 Stars,Low
SP,11,Jeremy Luedecke,,Ottawa,ABL,MLB,11/08/1999,24,USA,6' 1',205 lbs,Right,Right,2.0 Stars,2.0 Stars,Very Low
SP,4,Miguel Lugo,,Toronto,ABL,MLB,03/20/1995,29,USA,6' 1',200 lbs,Right,Right,2.0 Stars,2.5 Stars,Very Low
SP,45,Doug Lungren,,Windsor,ABL,MLB,10/03/1997,26,USA,6' 0',200 lbs,Right,Right,3.5 Stars,4.0 Stars,Low
SP,3,Bob Lunski,,Montreal,ABL,MLB,07/01/1996,27,USA,6' 6',225 lbs,Right,Right,2.0 Stars,2.0 Stars,Average
SP,39,David Mangum,,Mississauga,ABL,MLB,04/01/1999,25,USA,5' 10',190 lbs,Right,Right,2.0 Stars,2.5 Stars,Very Low
SP,24,Ernesto Martinez,,Ottawa,ABL,MLB,10/24/1996,27,MEX,5' 10',195 lbs,Right,Right,4.0 Stars,4.0 Stars,Very Low
SP,32,Fernando Martinez,,Texas,ABL,MLB,01/08/2001,23,MEX,6' 7',230 lbs,Right,Right,2.5 Stars,2.5 Stars,Average
SP,1,Devin Mason,,Nezahualcoyotl,ABL,MLB,09/02/1997,26,USA,6' 4',215 lbs,Left,Right,2.5 Stars,2.5 Stars,Average
SP,13,Josh Mason,,Puebla,ABL,MLB,01/18/1995,29,USA,6' 7',240 lbs,Right,Right,2.5 Stars,2.5 Stars,Very Low
SP,4,Dave Matson,,Naucalpan,ABL,MLB,05/28/2000,23,CAN,6' 3',215 lbs,Right,Right,2.5 Stars,2.5 Stars,Very Low
SP,16,Randy McKim,,Colorado,ABL,MLB,04/16/1997,26,USA,6' 8',240 lbs,Right,Right,2.5 Stars,2.5 Stars,Average
SP,23,Jesus Mercado,,San Luis Potosí,ABL,MLB,11/21/2000,23,MEX,6' 2',210 lbs,Right,Left,2.5 Stars,2.5 Stars,Average
SP,26,Isiah Mitchell,,Victoria,ABL,MLB,06/28/2006,17,USA,6' 4',195 lbs,Left,Left,0.5 Stars,2.0 Stars,Low
SP,4,Joel Moe,,Chicago,ABL,MLB,08/07/1999,24,USA,6' 2',210 lbs,Right,Right,2.5 Stars,2.5 Stars,Average
SP,11,Mike Mullane,,Vancouver,ABL,MLB,10/25/1995,28,USA,6' 4',220 lbs,Right,Right,3.5 Stars,3.5 Stars,Very Low
SP,13,Jamison Musil,,Ottawa,ABL,MLB,08/13/1998,25,USA,6' 2',215 lbs,Right,Right,2.0 Stars,2.5 Stars,Average
SP,20,Mike Norder,,León,ABL,MLB,01/24/2000,24,USA,5' 10',185 lbs,Right,Right,3.5 Stars,4.0 Stars,Very Low
SP,12,Chris Nuno,,Texas,ABL,MLB,11/25/1997,26,USA,6' 0',205 lbs,Left,Left,2.5 Stars,2.5 Stars,Average
SP,27,Jose Ortega,,Guadalajara,ABL,MLB,01/31/1998,26,MEX,5' 11',195 lbs,Right,Right,3.5 Stars,3.5 Stars,Very Low
SP,15,Mark Palmer,,León,ABL,MLB,11/14/1997,26,USA,6' 3',215 lbs,Right,Right,2.5 Stars,2.5 Stars,Very Low
SP,2,Jose Parada,,Victoria,ABL,MLB,10/17/1994,29,MEX,6' 3',215 lbs,Right,Right,3.0 Stars,3.0 Stars,Average
SP,18,Hyeon-cheol Park,,Ottawa,ABL,MLB,11/03/1999,24,PRK,6' 2',210 lbs,Right,Right,4.0 Stars,4.0 Stars,Average
SP,12,Chris Patenaude,,San Antonio,ABL,MLB,10/04/1999,24,CAN,6' 2',210 lbs,Left,Left,2.0 Stars,2.0 Stars,Very Low
SP,24,Cory Pavlik,,Naucalpan,ABL,MLB,11/27/1995,28,USA,5' 10',190 lbs,Right,Right,2.5 Stars,2.5 Stars,Very Low
SP,7,Aubrey Pendleton,,Colorado,ABL,MLB,08/04/1996,27,USA,6' 2',205 lbs,Left,Left,2.5 Stars,2.5 Stars,Very Low
SP,56,Dave Perez,,Creignish,AAAA,AAA,08/09/1999,24,MEX,6' 2',210 lbs,Right,Right,2.0 Stars,2.0 Stars,Very Low
SP,26,Dave Pilarczyk,,Atlanta,ABL,MLB,06/01/1995,28,USA,6' 9',255 lbs,Left,Left,2.5 Stars,2.5 Stars,Very Low
SP,8,Rogelio Poncio,,St. Johns,ABL,MLB,10/06/1997,26,USA,6' 6',230 lbs,Left,Left,2.5 Stars,2.5 Stars,Average
SP,35,Chris Pristash,,Quebec City,ABL,MLB,11/30/2002,21,USA,6' 2',195 lbs,Right,Right,2.5 Stars,4.5 Stars,Very Low
SP,25,Ommar Qaraja,,Toronto,ABL,MLB,09/20/1998,25,USA,5' 11',190 lbs,Left,Right,2.0 Stars,2.0 Stars,Very Low
SP,15,Raul Quintero,,Nezahualcoyotl,ABL,MLB,01/20/1995,29,MEX,5' 11',195 lbs,Left,Left,2.5 Stars,2.5 Stars,Very Low
SP,24,Javy Ramirez,,Texas,ABL,MLB,01/23/2001,23,USA,6' 0',190 lbs,Right,Right,2.5 Stars,2.5 Stars,Average
SP,22,Talbot Render,,Tlalnepantla,ABL,MLB,04/21/1994,29,CAN,5' 10',185 lbs,Right,Right,3.0 Stars,3.0 Stars,Average
SP,5,Matt Riley,,Acapulco,ABL,MLB,02/16/2000,24,USA,6' 4',215 lbs,Left,Left,2.5 Stars,2.5 Stars,Very Low
SP,24,Seth Ritchie,,San Luis Potosí,ABL,MLB,04/02/2000,24,USA,6' 4',210 lbs,Right,Right,2.5 Stars,3.0 Stars,Average
SP,13,Emilio Rivera,,Mississauga,ABL,MLB,01/20/1995,29,MEX,6' 6',230 lbs,Left,Left,2.5 Stars,2.5 Stars,Very Low
SP,2,Tony Rivera,,Atlanta,ABL,MLB,08/12/1996,27,MEX,6' 3',220 lbs,Switch,Right,3.0 Stars,3.0 Stars,Very Low
SP,32,Bill Rodriguez,,St. Johns,ABL,MLB,02/15/1998,26,MEX,6' 2',240 lbs,Right,Right,4.0 Stars,4.0 Stars,Very Low
SP,20,William Rodriguez,,Victoria,ABL,MLB,11/11/1999,24,USA,6' 0',200 lbs,Right,Right,2.5 Stars,2.5 Stars,Very Low
SP,23,Eric Rubin,,Calgary,ABL,MLB,02/03/2000,24,USA,6' 2',205 lbs,Right,Right,2.5 Stars,2.5 Stars,Average
SP,14,Peter Rushworth,,León,ABL,MLB,04/27/1998,25,USA,5' 10',185 lbs,Right,Right,3.5 Stars,3.5 Stars,Very Low
SP,22,Ryan Russell,,Mississauga,ABL,MLB,04/12/2000,24,USA,6' 0',200 lbs,Right,Right,2.5 Stars,2.5 Stars,Average
SP,10,Brian Rutledge,,Fort Worth,ABL,MLB,03/18/1985,39,USA,6' 6',240 lbs,Right,Right,2.5 Stars,2.5 Stars,Very Low
SP,13,Ricardo Sanchez,,Acapulco,ABL,MLB,04/26/1998,25,MEX,6' 3',215 lbs,Switch,Right,2.5 Stars,3.0 Stars,Very Low
SP,15,Travis Schriber,,New York,ABL,MLB,09/14/1996,27,USA,6' 1',210 lbs,Right,Right,4.0 Stars,4.0 Stars,Very Low
SP,6,Aaron Scott,,Austin,ABL,MLB,05/11/1994,29,USA,6' 2',210 lbs,Right,Right,3.0 Stars,3.0 Stars,Very Low
SP,17,Brad Scott,,Ottawa,ABL,MLB,07/14/1997,26,USA,6' 6',230 lbs,Switch,Right,2.5 Stars,2.5 Stars,Very Low
SP,7,Hector Segovia,,Montreal,ABL,MLB,06/17/2001,22,USA,6' 4',205 lbs,Right,Right,2.5 Stars,2.5 Stars,Average
SP,47,Kris Shuler,,Mérida,ABL,MLB,03/12/2006,18,USA,6' 8',210 lbs,Left,Right,0.5 Stars,4.0 Stars,Low
SP,8,Vic Slear,,Jacksonville,ABL,MLB,09/24/1996,27,USA,6' 3',215 lbs,Left,Left,3.0 Stars,3.0 Stars,Average
SP,28,Joe Smith,,Naucalpan,ABL,MLB,02/23/1998,26,USA,6' 0',200 lbs,Right,Right,3.5 Stars,4.0 Stars,Very Low
SP,7,Jonathan Smith,,Austin,ABL,MLB,02/17/2001,23,USA,6' 3',205 lbs,Right,Right,2.0 Stars,2.5 Stars,Very Low
SP,24,Chris Snyder,,Victoria,ABL,MLB,04/28/1998,25,USA,6' 2',215 lbs,Right,Right,4.5 Stars,4.5 Stars,Very Low
SP,18,Tony Soto,,Puebla,ABL,MLB,10/19/1994,29,USA,6' 0',200 lbs,Right,Right,4.0 Stars,4.0 Stars,Average
SP,17,Craig Souders,,Montreal,ABL,MLB,06/19/2000,23,USA,6' 2',205 lbs,Right,Right,2.5 Stars,2.5 Stars,Very Low
SP,10,Anrrique Spinelli,,León,ABL,MLB,12/28/2000,23,USA,6' 2',205 lbs,Left,Right,3.0 Stars,3.5 Stars,Average
SP,1,Jamie Stanley,,Chesterville,AAAA,AAA,03/14/1999,25,USA,6' 4',215 lbs,Right,Right,2.5 Stars,2.5 Stars,Average
SP,6,Dave Stanton,,Tlalnepantla,ABL,MLB,09/12/2000,23,USA,5' 11',195 lbs,Right,Right,2.5 Stars,2.5 Stars,Very Low
SP,23,Bubba Stowe,,Guadalajara,ABL,MLB,11/23/2000,23,USA,6' 2',205 lbs,Left,Left,2.5 Stars,2.5 Stars,Very Low
SP,6,Ross Suiter,,Jacksonville,ABL,MLB,12/11/1998,25,USA,6' 2',215 lbs,Switch,Right,4.5 Stars,5.0 Stars,Very Low
SP,8,Danny Szurgot,,Acapulco,ABL,MLB,07/08/2000,23,USA,6' 2',205 lbs,Right,Right,2.5 Stars,2.5 Stars,Very Low
SP,8,Jerry Tart,,San Luis Potosí,ABL,MLB,10/14/2000,23,USA,5' 10',185 lbs,Left,Left,3.5 Stars,5.0 Stars,Very Low
SP,30,Tyrell Thomas,,Windsor,ABL,MLB,01/01/1991,33,USA,6' 1',205 lbs,Left,Right,2.5 Stars,2.5 Stars,Very High
SP,3,Elijah Travers,,Naucalpan,ABL,MLB,05/07/2000,23,USA,6' 4',220 lbs,Right,Right,2.5 Stars,2.5 Stars,Very Low
SP,4,Connor Tremblett,,Vancouver,ABL,MLB,04/01/2000,24,CAN,6' 0',195 lbs,Right,Right,3.0 Stars,3.5 Stars,Very Low
SP,15,Don Trottier,,Chicago,ABL,MLB,02/15/2000,24,CAN,5' 9',175 lbs,Right,Left,2.5 Stars,2.5 Stars,Very Low
SP,25,Alex Vallejo,,Austin,ABL,MLB,08/20/2000,23,USA,6' 0',200 lbs,Left,Left,2.5 Stars,2.5 Stars,Average
SP,7,Alex Velasquez,,Nezahualcoyotl,ABL,MLB,09/26/1992,31,MEX,6' 6',230 lbs,Left,Left,2.5 Stars,2.5 Stars,Average
SP,1,Jessie Velasquez,,Quebec City,ABL,MLB,06/13/1998,25,USA,6' 2',205 lbs,Right,Right,1.5 Stars,1.5 Stars,Very Low
SP,33,Kymani Vereen,,Quebec City,ABL,MLB,06/04/1997,26,USA,6' 6',230 lbs,Switch,Left,2.5 Stars,2.5 Stars,Very Low
SP,9,Ricardo Villanueva,,Phoenix,ABL,MLB,01/20/1999,25,MEX,5' 11',195 lbs,Left,Left,2.5 Stars,2.5 Stars,Average
SP,1,Travis Wilhelm,,Chicago,ABL,MLB,03/11/1989,35,USA,6' 2',215 lbs,Right,Right,2.0 Stars,2.0 Stars,Very Low
SP,23,Milt Young,,Puebla,ABL,MLB,07/30/1994,29,USA,6' 5',220 lbs,Right,Right,2.5 Stars,2.5 Stars,Very Low
SP,9,Carlos Zabala,,Nezahualcoyotl,ABL,MLB,09/04/1997,26,USA,6' 2',200 lbs,Left,Left,2.5 Stars,2.5 Stars,Average
SP,26,Victor Zelaya,,Austin,ABL,MLB,02/02/2000,24,MEX,6' 3',210 lbs,Left,Right,2.0 Stars,2.5 Stars,Very Low
SP,27,Chris Zimmerman,,Calgary,ABL,MLB,05/04/2000,23,USA,6' 7',235 lbs,Right,Right,2.0 Stars,2.0 Stars,Very Low
RP,9,Jose Acevedo,,Acapulco,ABL,MLB,03/01/1997,27,MEX,6' 2',210 lbs,Left,Left,2.5 Stars,2.5 Stars,Very Low
RP,23,Alberto Aguilar,,Mississauga,ABL,MLB,04/03/1999,25,MEX,5' 11',190 lbs,Right,Right,2.5 Stars,2.5 Stars,Average
RP,24,Mark Alexander,,St. Johns,ABL,MLB,03/13/1995,29,USA,6' 2',215 lbs,Right,Right,3.0 Stars,3.0 Stars,Average
RP,17,Ivan Alvarado,,Windsor,ABL,MLB,04/08/1998,26,MEX,6' 4',215 lbs,Left,Right,2.0 Stars,2.0 Stars,Low
RP,5,Juan Alvarez,,Mérida,ABL,MLB,07/11/1994,29,MEX,6' 4',215 lbs,Right,Right,2.5 Stars,2.5 Stars,Average
RP,21,Sam Amaral,,Austin,ABL,MLB,10/24/1998,25,USA,6' 4',215 lbs,Left,Right,2.0 Stars,2.0 Stars,Very Low
RP,18,Joe Anderson,,Naucalpan,ABL,MLB,07/22/1997,26,USA,6' 2',205 lbs,Right,Right,2.0 Stars,2.0 Stars,Very Low
RP,28,Shane Armstrong,,Puebla,ABL,MLB,03/12/1997,27,USA,6' 1',205 lbs,Left,Left,2.5 Stars,2.5 Stars,Average
RP,6,Walt Atley,,San Luis Potosí,ABL,MLB,10/07/1995,28,CAN,6' 0',200 lbs,Right,Right,2.0 Stars,2.0 Stars,Very Low
RP,16,Danny Aybar,,Austin,ABL,MLB,06/14/1995,28,MEX,5' 10',190 lbs,Right,Right,2.5 Stars,2.5 Stars,Average
RP,7,Hector Barrios,,Texas,ABL,MLB,12/24/1997,26,USA,6' 0',200 lbs,Right,Right,3.0 Stars,3.0 Stars,Very Low
RP,15,Rick Bartels,,Calgary,ABL,MLB,03/03/1997,27,USA,6' 1',205 lbs,Right,Right,2.5 Stars,2.5 Stars,Very Low
RP,15,Brennan Bell,,Vancouver,ABL,MLB,05/04/1994,29,USA,5' 11',200 lbs,Switch,Right,2.5 Stars,2.5 Stars,Very Low
RP,23,Alex Berumen,,Nezahualcoyotl,ABL,MLB,11/05/1998,25,PUR,6' 1',205 lbs,Right,Right,2.5 Stars,2.5 Stars,Very Low
RP,10,Chris Blashill,,St. Johns,ABL,MLB,01/19/1998,26,CAN,6' 3',215 lbs,Right,Right,2.5 Stars,2.5 Stars,Average
RP,18,John Boland,,Tlalnepantla,ABL,MLB,10/25/1999,24,CAN,6' 1',210 lbs,Right,Right,2.5 Stars,2.5 Stars,Very Low
RP,31,Josh Bonner,,Mérida,ABL,MLB,02/17/1998,26,USA,6' 4',215 lbs,Switch,Right,2.5 Stars,2.5 Stars,Average
RP,14,Bobby Bowman,,Calgary,ABL,MLB,02/26/1998,26,USA,6' 0',200 lbs,Right,Right,2.5 Stars,2.5 Stars,Average
RP,1,Chris Brooke,,Victoria,ABL,MLB,08/30/2000,23,USA,6' 0',195 lbs,Left,Left,2.0 Stars,2.5 Stars,Very Low
RP,9,Sam Brooks,,León,ABL,MLB,11/05/2000,23,USA,6' 0',195 lbs,Right,Right,2.0 Stars,2.0 Stars,Low
RP,27,Andre Buford,,Phoenix,ABL,MLB,03/23/1998,26,USA,6' 3',215 lbs,Left,Left,2.5 Stars,2.5 Stars,Average
RP,33,George Burke,,Texas,ABL,MLB,12/27/1998,25,USA,6' 10',255 lbs,Right,Right,2.0 Stars,2.0 Stars,Average
RP,24,Kevin Calvin,,Toronto,ABL,MLB,08/23/2000,23,USA,6' 8',240 lbs,Right,Right,2.5 Stars,2.5 Stars,Very Low
RP,6,Gil Campos,,Calgary,ABL,MLB,05/08/2000,23,MEX,6' 4',210 lbs,Left,Left,2.5 Stars,2.5 Stars,Very Low
RP,32,Israel Canizares,,Chicago,ABL,MLB,01/17/1996,28,MEX,6' 7',240 lbs,Right,Right,2.5 Stars,2.5 Stars,Average
RP,15,Alex Cardenas,,Puebla,ABL,MLB,03/26/2000,24,MEX,6' 2',200 lbs,Right,Right,2.5 Stars,2.5 Stars,Average
RP,36,Javy Carrillo,,Windsor,ABL,MLB,06/15/1988,35,MEX,6' 7',245 lbs,Left,Left,2.0 Stars,2.0 Stars,High
RP,16,James Carter,,Fort Worth,ABL,MLB,03/17/1999,25,USA,5' 11',195 lbs,Right,Right,2.5 Stars,2.5 Stars,Average
RP,41,Luis Castillo,,Vancouver,ABL,MLB,02/23/1997,27,MEX,6' 0',200 lbs,Left,Left,2.5 Stars,2.5 Stars,Average
RP,33,Matthew Catron,,Fort Worth,ABL,MLB,06/26/1995,28,USA,6' 1',200 lbs,Right,Right,2.0 Stars,2.0 Stars,Very Low
RP,4,Angelo Cervantes,,Quebec City,ABL,MLB,04/29/1999,24,MEX,6' 4',230 lbs,Right,Right,2.5 Stars,2.5 Stars,Very Low
RP,13,Alfredo Chacon,,San Luis Potosí,ABL,MLB,08/12/1997,26,MEX,6' 3',215 lbs,Right,Right,2.0 Stars,2.0 Stars,Low
RP,12,Chris Ciresi,,New York,ABL,MLB,10/09/1993,30,USA,6' 7',240 lbs,Right,Left,3.5 Stars,3.5 Stars,Very Low
RP,7,Mike Clayton,,Fort Worth,ABL,MLB,11/09/1996,27,USA,6' 4',220 lbs,Switch,Right,2.0 Stars,2.0 Stars,Low
RP,12,Jaime Clegg,,San Luis Potosí,ABL,MLB,01/16/1999,25,USA,6' 6',235 lbs,Right,Right,2.5 Stars,2.5 Stars,Average
RP,12,Nick Collett,,Nezahualcoyotl,ABL,MLB,06/05/1992,31,USA,6' 0',205 lbs,Right,Right,2.0 Stars,2.0 Stars,Very Low
RP,22,Ryan Colona,,Calgary,ABL,MLB,11/14/1987,36,USA,6' 8',250 lbs,Right,Right,2.5 Stars,2.5 Stars,Average
RP,2,Gus Contreras,,Mexico City,ABL,MLB,08/08/1997,26,MEX,6' 4',225 lbs,Right,Right,2.5 Stars,2.5 Stars,Average
RP,5,Josh Cooney,,Mexico City,ABL,MLB,12/29/1999,24,USA,6' 4',220 lbs,Right,Left,2.5 Stars,2.5 Stars,Average
RP,18,Carlos Cordoba,,Nezahualcoyotl,ABL,MLB,05/22/1999,24,MEX,6' 3',215 lbs,Left,Left,2.0 Stars,2.0 Stars,Very Low
RP,2,Bruce Corson,,Texas,ABL,MLB,09/14/1998,25,CAN,6' 2',205 lbs,Right,Right,2.5 Stars,2.5 Stars,Very Low
RP,24,Jim Coughlin,,Windsor,ABL,MLB,05/25/1989,34,USA,6' 4',230 lbs,Left,Left,2.0 Stars,2.0 Stars,High
RP,33,Jessie Crawford,,Mississauga,ABL,MLB,03/31/1999,25,USA,6' 7',245 lbs,Left,Left,2.5 Stars,2.5 Stars,Average
RP,39,Danny Cronkhite,,Austin,ABL,MLB,02/08/2000,24,USA,6' 4',215 lbs,Right,Right,2.5 Stars,2.5 Stars,Very Low
RP,10,Jesus Cruz,,San Luis Potosí,ABL,MLB,02/21/1994,30,USA,6' 0',200 lbs,Left,Left,2.5 Stars,2.5 Stars,Average
RP,22,Jason Curry,,Toronto,ABL,MLB,04/18/1996,27,USA,5' 11',195 lbs,Right,Right,2.5 Stars,2.5 Stars,Very Low
RP,1,J.J. D'Agati,,Ottawa,ABL,MLB,11/12/1990,33,USA,6' 2',210 lbs,Right,Right,2.5 Stars,2.5 Stars,Very Low
RP,19,Powell Dadswell,,Toronto,ABL,MLB,04/04/1997,27,CAN,6' 2',210 lbs,Left,Right,2.5 Stars,2.5 Stars,Very Low
RP,31,Cesar de Jesus,,Chicago,ABL,MLB,03/02/1995,29,USA,6' 8',240 lbs,Right,Right,2.5 Stars,2.5 Stars,Very Low
RP,4,Corey Delk,,Jacksonville,ABL,MLB,09/22/1991,32,USA,6' 0',205 lbs,Left,Left,2.0 Stars,2.0 Stars,Very Low
RP,20,Josh Demma,,Acapulco,ABL,MLB,02/12/1998,26,USA,6' 4',225 lbs,Switch,Right,2.0 Stars,2.0 Stars,Average
RP,14,David Diaz,,Nezahualcoyotl,ABL,MLB,08/20/1996,27,USA,5' 9',175 lbs,Right,Right,2.5 Stars,2.5 Stars,Average
RP,29,Melvin Diaz,,Ottawa,ABL,MLB,04/09/1999,25,MEX,6' 2',210 lbs,Right,Right,2.5 Stars,2.5 Stars,Very Low
RP,41,Jonathan Dimas,,St. Johns,ABL,MLB,09/05/2000,23,MEX,5' 10',185 lbs,Left,Left,2.5 Stars,3.0 Stars,Very Low
RP,9,Jason Dinger,,Austin,ABL,MLB,10/19/1998,25,USA,6' 0',200 lbs,Left,Left,2.5 Stars,2.5 Stars,Low
RP,3,Nate Ditto,,Texas,ABL,MLB,08/14/1998,25,USA,6' 0',195 lbs,Left,Left,2.0 Stars,2.0 Stars,Very Low
RP,20,Ethan Durand,,San Antonio,ABL,MLB,08/05/1999,24,USA,5' 11',195 lbs,Switch,Right,1.5 Stars,1.5 Stars,Average
RP,35,Dave Edwards,,Montreal,ABL,MLB,09/02/1998,25,USA,5' 10',190 lbs,Right,Right,2.5 Stars,2.5 Stars,Average
RP,85,Aaron Elvin,,Calgary,ABL,MLB,03/03/1996,28,USA,6' 0',200 lbs,Right,Right,2.5 Stars,2.5 Stars,Average
RP,42,Jim Erdmann,,Mexico City,ABL,MLB,05/11/1996,27,USA,6' 0',200 lbs,Right,Right,3.0 Stars,3.0 Stars,Very Low
RP,33,Domingo Escarzaga,,St. Johns,ABL,MLB,01/15/1996,28,MEX,6' 7',240 lbs,Right,Right,2.5 Stars,2.5 Stars,Average
RP,8,Jorge Escobedo,,Windsor,ABL,MLB,12/19/1998,25,MEX,6' 4',225 lbs,Right,Right,3.0 Stars,3.0 Stars,High
RP,64,Orlando Espinoza,,Texas,ABL,MLB,07/16/2000,23,MEX,6' 2',205 lbs,Left,Right,2.5 Stars,2.5 Stars,Very Low
RP,13,Miguel Estrada,,León,ABL,MLB,06/21/1996,27,MEX,6' 5',220 lbs,Left,Right,2.0 Stars,2.0 Stars,Average
RP,9,Ricardo Felix,,Guadalajara,ABL,MLB,12/06/1999,24,USA,6' 2',210 lbs,Right,Right,2.0 Stars,2.5 Stars,Very Low
RP,3,Brian Ferebee,,Vancouver,ABL,MLB,12/16/1996,27,USA,6' 4',225 lbs,Left,Left,3.0 Stars,3.0 Stars,Very Low
RP,2,Jake Fisher,,Puebla,ABL,MLB,03/24/1998,26,USA,5' 10',190 lbs,Left,Left,2.0 Stars,2.0 Stars,Very Low
RP,26,Mark Forbes,,Montreal,ABL,MLB,02/06/1998,26,USA,6' 4',215 lbs,Left,Left,2.5 Stars,2.5 Stars,Very Low
RP,30,Jon Fricke,,Colorado,ABL,MLB,04/03/2000,24,USA,6' 0',190 lbs,Right,Right,2.5 Stars,2.5 Stars,Average
RP,17,Fred Garcia,,Atlanta,ABL,MLB,02/27/2000,24,USA,5' 10',175 lbs,Left,Left,2.5 Stars,2.5 Stars,Average
RP,31,Melvin Garcia,,Quebec City,ABL,MLB,10/07/2000,23,MEX,5' 10',185 lbs,Switch,Right,2.5 Stars,2.5 Stars,Very Low
RP,29,Ryan Garcia,,Puebla,ABL,MLB,03/10/1995,29,USA,6' 3',220 lbs,Right,Right,3.0 Stars,3.0 Stars,Very Low
RP,26,John Gatto,,Mississauga,ABL,MLB,07/21/2000,23,USA,6' 0',200 lbs,Right,Right,2.5 Stars,2.5 Stars,Average
RP,27,Jarrett George,,Tlalnepantla,ABL,MLB,10/28/1997,26,USA,6' 1',205 lbs,Left,Right,2.5 Stars,2.5 Stars,Average
RP,3,Steve Gilvin,,Mexico City,ABL,MLB,01/29/1990,34,USA,6' 0',205 lbs,Left,Right,2.5 Stars,2.5 Stars,Very Low
RP,25,Roger Godinez,,New York,ABL,MLB,01/23/1994,30,MEX,6' 0',200 lbs,Right,Right,2.5 Stars,2.5 Stars,Average
RP,48,Bill Gonnella,,Victoria,ABL,MLB,09/05/1995,28,USA,6' 0',200 lbs,Right,Right,2.5 Stars,2.5 Stars,Average
RP,5,Wil Gonzales,,Phoenix,ABL,MLB,01/15/1998,26,USA,6' 5',225 lbs,Right,Right,2.5 Stars,2.5 Stars,Very Low
RP,25,Jesus Gonzalez,,Mexico City,ABL,MLB,10/09/1997,26,MEX,6' 4',220 lbs,Left,Right,2.5 Stars,2.5 Stars,Very Low
RP,15,Jim Gosselin,,Phoenix,ABL,MLB,12/04/2002,21,USA,6' 0',195 lbs,Right,Right,2.0 Stars,2.0 Stars,Average
RP,10,Emilio Grado,,Colorado,ABL,MLB,12/20/1997,26,MEX,6' 2',215 lbs,Switch,Right,2.5 Stars,2.5 Stars,Very Low
RP,32,Jeff Grizzle,,León,ABL,MLB,02/25/1996,28,USA,6' 1',200 lbs,Right,Right,2.5 Stars,2.5 Stars,Low
RP,21,Danny Guerra,,Tlalnepantla,ABL,MLB,09/06/1995,28,MEX,6' 2',210 lbs,Right,Right,2.5 Stars,2.5 Stars,Very Low
RP,37,Nelson Gutierrez,,New York,ABL,MLB,04/06/1996,28,MEX,6' 6',230 lbs,Left,Left,2.5 Stars,2.5 Stars,Very Low
RP,35,Liam Gérardin,,Mexico City,ABL,MLB,06/09/1992,31,CAN,6' 0',200 lbs,Right,Right,2.0 Stars,2.0 Stars,Very Low
RP,15,Bobby Hardiman,,Victoria,ABL,MLB,07/20/1997,26,USA,6' 4',225 lbs,Switch,Right,2.5 Stars,2.5 Stars,Average
RP,8,Jake Hauss,,San Antonio,ABL,MLB,12/25/1990,33,USA,6' 1',210 lbs,Right,Right,2.0 Stars,2.0 Stars,Very Low
RP,10,Chris Heard,,Montreal,ABL,MLB,11/20/1997,26,USA,6' 2',205 lbs,Right,Left,2.0 Stars,2.0 Stars,Average
RP,14,Craig Hembree,,Texas,ABL,MLB,02/11/1995,29,USA,5' 11',190 lbs,Right,Right,2.5 Stars,2.5 Stars,Very Low
RP,11,Harry Herd,,Mérida,ABL,MLB,10/05/1991,32,USA,6' 8',245 lbs,Left,Right,3.5 Stars,3.5 Stars,Very Low
RP,24,Noah Hines,,Vancouver,ABL,MLB,10/21/1993,30,USA,6' 4',225 lbs,Left,Left,3.0 Stars,3.0 Stars,Very Low
RP,29,Kirk Hoffman,,Jacksonville,ABL,MLB,09/03/1997,26,USA,5' 11',195 lbs,Right,Right,2.5 Stars,2.5 Stars,Very Low
RP,7,Jim Horne,,Chicago,ABL,MLB,08/15/1996,27,USA,6' 0',200 lbs,Right,Right,2.5 Stars,2.5 Stars,Average
RP,20,Frank Huergo,,Chicago,ABL,MLB,01/24/1999,25,MEX,6' 4',220 lbs,Right,Right,2.0 Stars,2.0 Stars,Very Low
RP,15,Aaron Humphrey,,Jacksonville,ABL,MLB,03/08/1996,28,USA,6' 0',200 lbs,Right,Right,2.0 Stars,2.0 Stars,Average
RP,27,Angelo Ibarra,,Ottawa,ABL,MLB,12/10/1987,36,MEX,6' 0',205 lbs,Right,Right,2.0 Stars,2.0 Stars,Very Low
RP,22,Angel Illescas,,Jacksonville,ABL,MLB,04/04/1991,33,USA,6' 3',215 lbs,Right,Right,2.0 Stars,2.0 Stars,Very Low
RP,7,Garrett Jackson,,San Antonio,ABL,MLB,06/04/1988,35,USA,6' 2',220 lbs,Right,Right,2.5 Stars,2.5 Stars,Average
RP,30,Michael Jackson,,Naucalpan,ABL,MLB,05/04/1999,24,USA,6' 2',205 lbs,Left,Left,2.5 Stars,2.5 Stars,Very Low
RP,35,Allen Jacobs,,Atlanta,ABL,MLB,10/19/1996,27,USA,6' 0',205 lbs,Switch,Right,2.5 Stars,2.5 Stars,Average
RP,9,Alfonso Jaimes,,San Antonio,ABL,MLB,04/21/1997,26,MEX,5' 10',190 lbs,Left,Left,2.5 Stars,2.5 Stars,Very Low
RP,4,Fred Jayroe,,San Luis Potosí,ABL,MLB,08/10/1998,25,USA,6' 0',200 lbs,Right,Right,2.5 Stars,2.5 Stars,Very Low
RP,18,Phil Jeffries,,Montreal,ABL,MLB,11/19/1989,34,USA,6' 2',215 lbs,Right,Right,2.5 Stars,2.5 Stars,Average
RP,3,Willie Jimenez,,Windsor,ABL,MLB,12/16/1997,26,MEX,6' 6',240 lbs,Right,Right,2.0 Stars,2.0 Stars,High
RP,6,Jamie Johnson,,Naucalpan,ABL,MLB,01/11/1999,25,USA,6' 6',230 lbs,Left,Left,2.0 Stars,2.0 Stars,Average
RP,4,Donnie Kempf,,San Antonio,ABL,MLB,11/04/1997,26,USA,6' 4',215 lbs,Right,Right,2.5 Stars,2.5 Stars,Average
RP,42,Nolan Knudson,,Montreal,ABL,MLB,03/18/2002,22,USA,6' 0',185 lbs,Left,Right,2.5 Stars,2.5 Stars,Very Low
RP,26,Brett Kohlenberg,,León,ABL,MLB,11/28/2000,23,USA,6' 1',200 lbs,Left,Left,2.0 Stars,2.0 Stars,Very Low
RP,28,Adam Krumwiede,,León,ABL,MLB,12/17/1992,31,USA,6' 2',215 lbs,Left,Left,2.5 Stars,2.5 Stars,Average
RP,4,Ryan Kunkel,,Colorado,ABL,MLB,12/22/1998,25,USA,5' 11',195 lbs,Right,Right,2.0 Stars,2.0 Stars,Very Low
RP,12,Luis Lama,,Guadalajara,ABL,MLB,04/27/1995,28,MEX,6' 4',220 lbs,Right,Right,2.5 Stars,2.5 Stars,Very Low
RP,27,David Lantzy,,Nezahualcoyotl,ABL,MLB,07/19/1998,25,USA,5' 9',180 lbs,Left,Left,2.5 Stars,2.5 Stars,Average
RP,58,Kevin Lanzano,,León,ABL,MLB,03/29/1999,25,USA,6' 1',200 lbs,Right,Right,2.5 Stars,2.5 Stars,Average
RP,16,Mike Larkins,,Jacksonville,ABL,MLB,04/24/2000,23,USA,6' 4',215 lbs,Switch,Right,3.0 Stars,3.0 Stars,Average
RP,21,Arne Lavinen,,Phoenix,ABL,MLB,07/15/2001,22,USA,6' 2',210 lbs,Right,Right,2.0 Stars,2.0 Stars,Very Low
RP,21,Kyle Lawhon,,Chicago,ABL,MLB,05/19/2000,23,USA,6' 6',225 lbs,Right,Right,2.0 Stars,2.0 Stars,Very Low
RP,77,Jason Leigh,,Chicago,ABL,MLB,08/15/1996,27,USA,6' 3',215 lbs,Left,Left,2.5 Stars,2.5 Stars,Very Low
RP,1,Curt Levey,,Tlalnepantla,ABL,MLB,12/02/1998,25,USA,6' 0',195 lbs,Right,Right,2.5 Stars,2.5 Stars,Average
RP,19,Bob Longenecker,,San Antonio,ABL,MLB,08/12/1999,24,USA,6' 0',195 lbs,Left,Left,2.5 Stars,2.5 Stars,Very Low
RP,34,Mike Longoria,,Vancouver,ABL,MLB,08/04/2000,23,USA,6' 0',190 lbs,Right,Right,2.5 Stars,2.5 Stars,Average
RP,14,Enrique Lopez,,Mississauga,ABL,MLB,04/18/1997,26,USA,6' 2',210 lbs,Left,Left,2.0 Stars,2.0 Stars,Very Low
RP,43,Jorge Luna,,Jacksonville,ABL,MLB,01/30/2000,24,MEX,6' 6',225 lbs,Switch,Right,2.5 Stars,2.5 Stars,Very Low
RP,8,Ben Lynch,,Fort Worth,ABL,MLB,09/25/2000,23,USA,6' 0',200 lbs,Left,Left,3.0 Stars,3.0 Stars,Average
RP,13,Ed Maduro,,Mexico City,ABL,MLB,12/07/1996,27,MEX,6' 1',200 lbs,Switch,Right,2.5 Stars,2.5 Stars,Very Low
RP,12,Adam Major,,Victoria,ABL,MLB,07/17/1998,25,USA,6' 0',195 lbs,Right,Left,2.5 Stars,2.5 Stars,Very Low
RP,6,Bernie Maldonado,,Guadalajara,ABL,MLB,08/17/1998,25,MEX,6' 4',220 lbs,Right,Right,2.5 Stars,2.5 Stars,Average
RP,18,Gomer Marley,,New York,ABL,MLB,04/20/1998,25,USA,6' 2',205 lbs,Left,Left,2.5 Stars,2.5 Stars,Average
RP,20,Francisco Martinez,,San Luis Potosí,ABL,MLB,02/22/1996,28,MEX,6' 4',220 lbs,Right,Right,2.5 Stars,2.5 Stars,Average
RP,18,Ivan Martinez,,Mississauga,ABL,MLB,07/14/1997,26,MEX,6' 2',215 lbs,Right,Right,3.0 Stars,3.0 Stars,Very Low
RP,42,Melvin Martinez,,Nezahualcoyotl,ABL,MLB,09/08/1998,25,USA,6' 1',200 lbs,Right,Right,2.0 Stars,2.0 Stars,Average
RP,8,Matt McCommon,,Austin,ABL,MLB,08/23/1989,34,CAN,6' 4',230 lbs,Right,Right,2.5 Stars,2.5 Stars,Very Low
RP,13,Elliot McCoubrey,,Calgary,ABL,MLB,09/17/1996,27,CAN,6' 0',200 lbs,Switch,Right,2.5 Stars,2.5 Stars,Very Low
RP,14,Chris McGrory,,Ottawa,ABL,MLB,01/21/1999,25,USA,6' 2',200 lbs,Right,Right,2.5 Stars,2.5 Stars,Very Low
RP,11,Ronnie McIlmoyle,,Texas,ABL,MLB,07/11/1997,26,CAN,6' 5',230 lbs,Left,Left,2.5 Stars,2.5 Stars,Very Low
RP,17,Ben McKinsey,,Victoria,ABL,MLB,10/25/1993,30,USA,6' 1',205 lbs,Right,Right,2.5 Stars,2.5 Stars,Average
RP,8,Marvin McLaurin,,León,ABL,MLB,02/10/1997,27,USA,6' 7',235 lbs,Right,Right,2.5 Stars,2.5 Stars,Average
RP,2,Jordan Megia,,Nezahualcoyotl,ABL,MLB,04/08/1998,26,USA,6' 1',205 lbs,Right,Right,2.5 Stars,2.5 Stars,Average
RP,6,Jon Mendez,,Colorado,ABL,MLB,11/03/1999,24,MEX,6' 3',210 lbs,Right,Right,2.5 Stars,2.5 Stars,Very Low
RP,17,Franklin Mendoza,,Groveton,AAAA,AAA,04/21/1998,25,MEX,5' 9',185 lbs,Right,Right,2.0 Stars,2.0 Stars,Very Low
RP,13,Jonathan Merone,,St. Johns,ABL,MLB,06/13/1997,26,USA,6' 2',210 lbs,Right,Right,2.5 Stars,2.5 Stars,Very Low
RP,12,Dave Mondragon,,Acapulco,ABL,MLB,05/17/1995,28,USA,6' 2',210 lbs,Right,Left,2.5 Stars,2.5 Stars,Very Low
RP,21,Danny Montoya,,Colorado,ABL,MLB,09/22/2002,21,USA,5' 10',180 lbs,Left,Left,3.0 Stars,3.0 Stars,Low
RP,5,Chris Moore,,Atlanta,ABL,MLB,10/01/1996,27,USA,6' 2',205 lbs,Right,Right,2.5 Stars,2.5 Stars,Average
RP,18,Mike Moore,,Phoenix,ABL,MLB,07/08/1998,25,USA,5' 11',190 lbs,Right,Right,2.0 Stars,2.0 Stars,Average
RP,14,Jordan Moreno,,Fort Worth,ABL,MLB,03/16/1999,25,MEX,5' 10',195 lbs,Right,Right,2.5 Stars,2.5 Stars,Very Low
RP,16,Omar Nash,,San Antonio,ABL,MLB,02/24/2000,24,USA,6' 4',220 lbs,Right,Right,2.0 Stars,2.0 Stars,Very Low
RP,6,Andy Nava,,Toronto,ABL,MLB,11/04/1998,25,USA,6' 4',215 lbs,Left,Right,2.5 Stars,2.5 Stars,Average
RP,23,Paul Nicholas,,Victoria,ABL,MLB,04/15/1998,26,USA,6' 0',200 lbs,Left,Left,2.5 Stars,2.5 Stars,Very Low
RP,48,Jason Nielson,,New York,ABL,MLB,02/23/1997,27,USA,6' 1',210 lbs,Left,Left,2.5 Stars,2.5 Stars,Very Low
RP,11,Paul Noel,,Chicago,ABL,MLB,10/18/1999,24,CAN,5' 8',175 lbs,Right,Right,2.5 Stars,2.5 Stars,Average
RP,58,Juan Obispo,,Mérida,ABL,MLB,03/26/1997,27,MEX,6' 10',255 lbs,Right,Right,2.5 Stars,2.5 Stars,Average
RP,25,Ruben Olague,,Victoria,ABL,MLB,10/18/1996,27,USA,6' 3',210 lbs,Left,Left,2.5 Stars,2.5 Stars,Very Low
RP,15,Danny Ortega,,Ottawa,ABL,MLB,10/19/1995,28,USA,6' 4',210 lbs,Left,Right,2.5 Stars,2.5 Stars,Very Low
RP,16,Jim Parris,,Guadalajara,ABL,MLB,04/21/1999,24,USA,6' 0',195 lbs,Right,Right,2.5 Stars,2.5 Stars,Very Low
RP,19,Tom Pasqualicchio,,Naucalpan,ABL,MLB,04/06/1995,29,USA,6' 4',225 lbs,Right,Right,2.5 Stars,2.5 Stars,Very Low
RP,15,Jose Pastrana,,St. Johns,ABL,MLB,02/13/1999,25,USA,6' 0',200 lbs,Right,Right,2.5 Stars,2.5 Stars,Average
RP,27,Gabe Paul,,Colorado,ABL,MLB,10/04/1998,25,USA,6' 4',215 lbs,Left,Left,2.0 Stars,2.0 Stars,Average
RP,14,Scott Pauley,,New York,ABL,MLB,04/23/1998,25,USA,6' 2',210 lbs,Left,Right,2.0 Stars,2.0 Stars,Very Low
RP,25,Jose Perez,,Naucalpan,ABL,MLB,08/26/1997,26,MEX,5' 8',180 lbs,Right,Right,2.5 Stars,2.5 Stars,Very Low
RP,9,Juan Perez,,Toronto,ABL,MLB,04/19/1999,24,MEX,5' 10',185 lbs,Right,Right,2.0 Stars,2.0 Stars,Very Low
RP,9,Andres Pesantes,,Ottawa,ABL,MLB,05/19/1997,26,USA,6' 0',200 lbs,Right,Right,2.0 Stars,2.0 Stars,Average
RP,14,Bill Petee,,Puebla,ABL,MLB,07/19/2001,22,USA,5' 11',185 lbs,Right,Right,2.0 Stars,2.0 Stars,Low
RP,25,Jaden Pierrepaul,,Tlalnepantla,ABL,MLB,02/13/1996,28,USA,6' 0',200 lbs,Right,Right,2.5 Stars,2.5 Stars,Very Low
RP,33,Mitch Pixley,,Acapulco,ABL,MLB,01/28/1999,25,USA,6' 0',200 lbs,Right,Right,2.5 Stars,2.5 Stars,Average
RP,2,Josh Ploss,,León,ABL,MLB,08/15/1998,25,USA,5' 9',180 lbs,Right,Right,2.5 Stars,2.5 Stars,Very Low
RP,26,Jim Porterfield,,Toronto,ABL,MLB,01/31/2000,24,USA,6' 1',200 lbs,Right,Right,2.0 Stars,2.0 Stars,Very Low
RP,22,Joe Pottmeyer,,Quebec City,ABL,MLB,02/13/2000,24,USA,6' 4',220 lbs,Right,Right,2.5 Stars,2.5 Stars,Low
RP,25,Luis Quijada,,Calgary,ABL,MLB,01/11/1999,25,USA,5' 10',190 lbs,Left,Right,3.0 Stars,3.0 Stars,Low
RP,14,Javier Quintana,,Colorado,ABL,MLB,11/27/1998,25,MEX,6' 2',210 lbs,Left,Left,2.5 Stars,2.5 Stars,Average
RP,32,Mike Rakowsky,,Windsor,ABL,MLB,11/12/2001,22,USA,6' 2',205 lbs,Left,Left,2.5 Stars,2.5 Stars,Low
RP,4,Jay Ramirez,,Mississauga,ABL,MLB,10/02/1994,29,USA,6' 2',210 lbs,Switch,Right,2.5 Stars,2.5 Stars,Very Low
RP,11,Ruben Ramirez,,Colorado,ABL,MLB,04/05/1983,41,MEX,5' 10',195 lbs,Right,Right,2.0 Stars,2.0 Stars,Average
RP,26,Rogelio Raya,,Quebec City,ABL,MLB,10/27/2002,21,MEX,6' 0',190 lbs,Right,Right,2.0 Stars,2.0 Stars,Very Low
RP,2,Mike Redinger,,Vancouver,ABL,MLB,01/06/1999,25,USA,6' 2',215 lbs,Switch,Right,2.5 Stars,2.5 Stars,Average
RP,35,Kyle Reynolds,,Chicago,ABL,MLB,12/22/1994,29,USA,6' 2',215 lbs,Right,Right,2.5 Stars,2.5 Stars,Average
RP,20,Jeremy Richardson,,St. Johns,ABL,MLB,08/30/1997,26,USA,6' 0',200 lbs,Right,Right,2.5 Stars,2.5 Stars,Very Low
RP,13,Chris Rinehart,,Naucalpan,ABL,MLB,01/11/2000,24,USA,6' 2',200 lbs,Right,Right,2.0 Stars,2.0 Stars,Low
RP,10,Jimmy Robertson,,Mexico City,ABL,MLB,09/25/1987,36,USA,6' 1',210 lbs,Right,Right,2.0 Stars,2.0 Stars,Average
RP,9,Ruben Rodriguez,,San Luis Potosí,ABL,MLB,07/17/1997,26,MEX,6' 1',200 lbs,Left,Left,2.5 Stars,2.5 Stars,Average
RP,20,Bob Roediger,,Naucalpan,ABL,MLB,03/02/1998,26,USA,6' 2',210 lbs,Left,Left,2.5 Stars,2.5 Stars,Very Low
RP,25,Julio Roel,,Guadalajara,ABL,MLB,12/03/1997,26,MEX,6' 6',235 lbs,Left,Left,2.5 Stars,2.5 Stars,Very Low
RP,24,Chris Rosas,,Calgary,ABL,MLB,02/08/2000,24,USA,6' 3',205 lbs,Right,Left,2.5 Stars,2.5 Stars,Average
RP,10,Joe Rowen,,Atlanta,ABL,MLB,12/07/1998,25,USA,6' 0',200 lbs,Right,Right,2.5 Stars,2.5 Stars,Average
RP,27,Tyler Rundio,,Acapulco,ABL,MLB,07/12/1998,25,USA,6' 4',220 lbs,Right,Right,3.0 Stars,3.0 Stars,Very Low
RP,10,Chris Salinas,,Guadalajara,ABL,MLB,04/23/1997,26,MEX,6' 4',220 lbs,Left,Left,3.5 Stars,3.5 Stars,Very Low
RP,17,Manny Salinas,,Toronto,ABL,MLB,11/21/1996,27,MEX,6' 0',200 lbs,Left,Left,2.5 Stars,2.5 Stars,Very Low
RP,4,Adam Sappington,,Austin,ABL,MLB,04/23/1998,25,USA,5' 11',195 lbs,Right,Right,2.0 Stars,2.0 Stars,Average
RP,20,Tom Sentner,,Tlalnepantla,ABL,MLB,01/21/1996,28,CAN,6' 4',225 lbs,Right,Right,2.5 Stars,2.5 Stars,Very Low
RP,16,Chris Shearer,,Naucalpan,ABL,MLB,05/24/2000,23,USA,6' 4',220 lbs,Left,Left,2.5 Stars,2.5 Stars,Average
RP,18,Casey Sheldon,,Quebec City,ABL,MLB,03/23/1997,27,USA,6' 2',210 lbs,Right,Right,2.5 Stars,2.5 Stars,Average
RP,21,Jesse Slye,,Ottawa,ABL,MLB,03/19/1997,27,USA,6' 4',225 lbs,Left,Left,2.5 Stars,2.5 Stars,Very Low
RP,24,Daniel Smith,,Atlanta,ABL,MLB,07/10/1996,27,USA,6' 2',205 lbs,Left,Right,2.5 Stars,2.5 Stars,Very Low
RP,16,Justin Smith,,Tlalnepantla,ABL,MLB,08/27/1999,24,USA,6' 0',200 lbs,Left,Right,2.5 Stars,2.5 Stars,Very Low
RP,4,Jim Smothers,,Nezahualcoyotl,ABL,MLB,02/13/2000,24,USA,6' 3',210 lbs,Right,Right,2.5 Stars,2.5 Stars,Average
RP,14,Rodrigo Soto,,Atlanta,ABL,MLB,12/30/1993,30,BLZ,6' 2',215 lbs,Right,Right,2.5 Stars,2.5 Stars,Very Low
RP,68,Vince Sparks,,Phoenix,ABL,MLB,02/01/1999,25,USA,6' 1',200 lbs,Switch,Right,2.5 Stars,2.5 Stars,Average
RP,12,Nick Spears,,Montreal,ABL,MLB,01/10/1985,39,USA,6' 2',220 lbs,Right,Right,2.5 Stars,2.5 Stars,Very Low
RP,27,Bronson Stangl,,Quebec City,ABL,MLB,03/25/2000,24,USA,6' 2',205 lbs,Switch,Right,2.5 Stars,2.5 Stars,Average
RP,29,Pat Strole,,Mississauga,ABL,MLB,03/19/1997,27,USA,6' 6',225 lbs,Right,Right,2.5 Stars,2.5 Stars,Average
RP,1,Seth Strong,,Phoenix,ABL,MLB,07/14/1997,26,CAN,6' 2',205 lbs,Right,Right,2.5 Stars,2.5 Stars,Very Low
RP,4,Jeremy Stubbs,,Fort Worth,ABL,MLB,03/19/1996,28,USA,5' 11',195 lbs,Switch,Right,2.5 Stars,2.5 Stars,Very Low
RP,11,Wayne Thompson,,Austin,ABL,MLB,01/06/1998,26,USA,6' 4',220 lbs,Right,Right,2.5 Stars,2.5 Stars,Very Low
RP,19,Whit Thompson,,Jacksonville,ABL,MLB,02/05/1995,29,USA,6' 3',215 lbs,Right,Right,2.5 Stars,2.5 Stars,Average
RP,3,Emilio Tobar,,Austin,ABL,MLB,12/10/1999,24,MEX,6' 4',220 lbs,Switch,Right,2.5 Stars,2.5 Stars,Average
RP,1,Bob Tobin,,New York,ABL,MLB,08/25/1993,30,CAN,6' 4',225 lbs,Left,Left,2.5 Stars,2.5 Stars,Very Low
RP,18,Franklin Torres,,Victoria,ABL,MLB,04/08/1997,27,MEX,6' 0',200 lbs,Right,Right,2.5 Stars,2.5 Stars,Average
RP,1,Bill Torrez,,Jacksonville,ABL,MLB,06/03/1999,24,MEX,5' 10',185 lbs,Left,Left,2.5 Stars,2.5 Stars,Very Low
RP,22,David Udall,,Colorado,ABL,MLB,05/10/1984,39,USA,5' 10',200 lbs,Left,Left,3.0 Stars,3.0 Stars,Average
RP,22,Antonio Urena,,Montreal,ABL,MLB,10/17/1995,28,MEX,6' 6',235 lbs,Right,Right,2.0 Stars,2.0 Stars,Average
RP,22,Greg Utter,,Puebla,ABL,MLB,02/24/2000,24,USA,6' 2',210 lbs,Right,Right,2.5 Stars,2.5 Stars,Average
RP,6,Sloan Vaive,,Quebec City,ABL,MLB,07/14/1995,28,CAN,5' 10',195 lbs,Right,Right,2.5 Stars,2.5 Stars,Very Low
RP,14,Jose Valdez,,Mérida,ABL,MLB,11/23/2002,21,MEX,6' 5',210 lbs,Right,Right,2.5 Stars,2.5 Stars,Average
RP,21,Art Van Buren,,Mérida,ABL,MLB,01/01/2002,22,USA,6' 1',195 lbs,Left,Left,2.5 Stars,2.5 Stars,Low
RP,19,Ron Van Sickle,,Mississauga,ABL,MLB,06/20/1997,26,USA,6' 5',230 lbs,Right,Right,2.5 Stars,2.5 Stars,Very Low
RP,14,Bobby Vargas,,Acapulco,ABL,MLB,07/02/1993,30,MEX,6' 0',195 lbs,Left,Left,2.5 Stars,2.5 Stars,Average
RP,5,Zach Veal,,Quebec City,ABL,MLB,08/18/1995,28,USA,6' 2',210 lbs,Right,Right,2.5 Stars,2.5 Stars,Very Low
RP,30,Luis Velasquez,,Victoria,ABL,MLB,01/06/1997,27,MEX,6' 0',200 lbs,Left,Left,2.5 Stars,2.5 Stars,Low
RP,19,Francisco Villanueva,,Texas,ABL,MLB,03/12/1996,28,MEX,5' 9',180 lbs,Right,Right,2.0 Stars,2.0 Stars,Average
RP,10,Johnny Villerot,,Acapulco,ABL,MLB,10/18/1989,34,USA,5' 11',200 lbs,Right,Right,2.5 Stars,2.5 Stars,Very Low
RP,12,Jason Vyhlidal,,Windsor,ABL,MLB,02/13/1996,28,USA,6' 4',220 lbs,Right,Right,2.0 Stars,2.0 Stars,High
RP,20,Brian Walker,,Mississauga,ABL,MLB,10/23/1999,24,USA,6' 0',195 lbs,Right,Right,2.5 Stars,2.5 Stars,Low
RP,12,Matt Warner,,Tlalnepantla,ABL,MLB,11/05/1999,24,USA,6' 3',220 lbs,Right,Right,2.5 Stars,2.5 Stars,Average
RP,13,Billy Washam,,Tlalnepantla,ABL,MLB,11/09/1998,25,USA,5' 10',185 lbs,Left,Left,2.5 Stars,2.5 Stars,Very Low
RP,13,Chris Wendel,,Atlanta,ABL,MLB,07/03/1996,27,USA,6' 0',205 lbs,Left,Left,2.0 Stars,2.0 Stars,Very Low
RP,22,Dane Wenzel,,Mérida,ABL,MLB,09/09/2000,23,USA,6' 2',210 lbs,Right,Right,3.0 Stars,3.0 Stars,Very Low
RP,9,Jake Wich,,Puebla,ABL,MLB,05/11/1998,25,USA,6' 3',215 lbs,Left,Right,2.0 Stars,2.0 Stars,Average
RP,16,Chris Williams,,Puebla,ABL,MLB,05/12/1999,24,USA,6' 1',205 lbs,Left,Right,2.5 Stars,2.5 Stars,Very Low
RP,2,Jeremy Williams,,Guadalajara,ABL,MLB,02/07/1993,31,USA,6' 0',205 lbs,Right,Right,2.5 Stars,2.5 Stars,Very Low
RP,18,Eric Wilson,,San Luis Potosí,ABL,MLB,02/22/1999,25,USA,6' 4',220 lbs,Left,Right,2.5 Stars,2.5 Stars,Very Low
RP,23,Rick Wilson,,Vancouver,ABL,MLB,05/21/1998,25,USA,6' 8',240 lbs,Right,Right,2.5 Stars,2.5 Stars,Very Low
RP,44,Milt Woodard,,León,ABL,MLB,11/23/1995,28,USA,6' 3',215 lbs,Right,Right,2.5 Stars,2.5 Stars,Average
RP,15,Steven Woods,,Fort Worth,ABL,MLB,07/06/1999,24,USA,6' 2',215 lbs,Switch,Right,2.5 Stars,2.5 Stars,Very Low
RP,18,Jake Wright,,León,ABL,MLB,03/20/1996,28,USA,6' 2',205 lbs,Left,Right,2.5 Stars,2.5 Stars,Average
RP,16,Jose Zizumbo,,Phoenix,ABL,MLB,03/31/1997,27,MEX,6' 1',200 lbs,Right,Right,2.0 Stars,2.0 Stars,Average
CL,17,Jose Avalos,,Phoenix,ABL,MLB,01/15/1994,30,MEX,6' 0',200 lbs,Left,Left,3.0 Stars,3.0 Stars,Very Low
CL,7,Tom Bloom,,Mérida,ABL,MLB,01/01/2000,24,USA,5' 10',190 lbs,Right,Right,3.0 Stars,3.0 Stars,Average
CL,26,John Boren,,Calgary,ABL,MLB,10/23/1992,31,USA,6' 0',205 lbs,Right,Right,4.0 Stars,4.0 Stars,Very Low
CL,2,Pedro Castro,,Ottawa,ABL,MLB,04/06/1999,25,MEX,6' 1',205 lbs,Right,Right,2.5 Stars,2.5 Stars,Average
CL,19,Rafael Cordova,,Windsor,ABL,MLB,10/15/1996,27,MEX,6' 1',205 lbs,Right,Right,3.0 Stars,3.0 Stars,High
CL,1,Andy Cotter,,Puebla,ABL,MLB,09/22/1991,32,USA,6' 3',220 lbs,Right,Right,3.0 Stars,3.0 Stars,Average
CL,7,Mike Cunningham,,Victoria,ABL,MLB,11/30/1991,32,USA,6' 4',225 lbs,Right,Right,3.0 Stars,3.0 Stars,Very Low
CL,30,Jose Dominguez,,Mérida,ABL,MLB,11/10/2006,17,USA,6' 3',190 lbs,Left,Right,0.5 Stars,1.5 Stars,Low
CL,17,Dusty Engel,,Vancouver,ABL,MLB,02/13/1997,27,USA,6' 4',215 lbs,Right,Right,3.0 Stars,3.0 Stars,Average
CL,30,Austin Estes,,San Antonio,ABL,MLB,11/15/1998,25,USA,6' 2',210 lbs,Switch,Right,2.5 Stars,2.5 Stars,Very Low
CL,5,Dan Falgout,,Naucalpan,ABL,MLB,04/30/1995,28,USA,6' 4',225 lbs,Switch,Right,2.5 Stars,2.5 Stars,Very Low
CL,22,Travis Fulgham,,Atlanta,ABL,MLB,06/26/1995,28,USA,6' 4',220 lbs,Switch,Right,3.5 Stars,3.5 Stars,Very Low
CL,13,Chase Gettings,,Texas,ABL,MLB,09/06/2000,23,USA,6' 5',225 lbs,Right,Right,2.5 Stars,2.5 Stars,Average
CL,29,Juan Gonzalez,,Chicago,ABL,MLB,04/28/1988,35,MEX,6' 5',230 lbs,Right,Right,3.5 Stars,3.5 Stars,Very Low
CL,17,Robbie Harcrow,,León,ABL,MLB,11/27/1996,27,USA,6' 2',210 lbs,Right,Right,4.0 Stars,4.0 Stars,Very Low
CL,15,Aaron Herring,,Tlalnepantla,ABL,MLB,06/20/1999,24,USA,6' 4',220 lbs,Right,Right,3.0 Stars,3.0 Stars,Very Low
CL,80,Peter Hunter,,Phoenix,ABL,MLB,03/30/1999,25,USA,6' 0',200 lbs,Left,Left,2.5 Stars,2.5 Stars,Very Low
CL,28,Javon Johnson,,Toronto,ABL,MLB,06/21/1997,26,USA,6' 4',215 lbs,Left,Left,3.0 Stars,3.0 Stars,Very Low
CL,52,Danny Kleier,,Austin,ABL,MLB,03/24/1990,34,USA,6' 4',225 lbs,Right,Right,3.5 Stars,3.5 Stars,Average
CL,11,Pedro Leal,,Mississauga,ABL,MLB,07/27/1991,32,MEX,6' 0',210 lbs,Right,Right,3.5 Stars,3.5 Stars,Very Low
CL,8,Bobby Lorenzo,,Montreal,ABL,MLB,05/17/2001,22,USA,6' 1',195 lbs,Right,Right,3.5 Stars,3.5 Stars,Very Low
CL,18,Eddie Maldonado,,Acapulco,ABL,MLB,05/03/1987,36,MEX,6' 4',225 lbs,Right,Right,2.5 Stars,2.5 Stars,Average
CL,23,Mario Marquez,,Mérida,ABL,MLB,12/21/2006,17,MEX,6' 1',175 lbs,Left,Left,0.5 Stars,2.5 Stars,Low
CL,16,Javy Martinez,,Quebec City,ABL,MLB,01/29/1986,38,MEX,6' 4',235 lbs,Right,Right,3.5 Stars,3.5 Stars,Very Low
CL,14,Tony Martinez,,St. Johns,ABL,MLB,10/28/1997,26,MEX,6' 3',225 lbs,Right,Right,5.0 Stars,5.0 Stars,Very Low
CL,5,Vince Miller,,Nezahualcoyotl,ABL,MLB,07/23/1996,27,USA,6' 2',210 lbs,Left,Left,2.5 Stars,2.5 Stars,Very Low
CL,6,Freddy Mora,,London,AAAA,AAA,07/22/1999,24,MEX,6' 3',210 lbs,Right,Right,2.5 Stars,2.5 Stars,Low
CL,22,Pete Peters,,Fort Worth,ABL,MLB,03/18/1996,28,USA,6' 0',200 lbs,Left,Right,2.5 Stars,2.5 Stars,Low
CL,21,Dave Sanchez,,Jacksonville,ABL,MLB,11/19/1995,28,MEX,5' 11',200 lbs,Right,Right,3.5 Stars,3.5 Stars,Average
CL,20,Danny Santiago,,Mexico City,ABL,MLB,02/07/1998,26,MEX,5' 10',190 lbs,Right,Right,3.0 Stars,3.0 Stars,Very Low
CL,11,Nick Smith,,San Luis Potosí,ABL,MLB,07/06/1995,28,USA,6' 2',210 lbs,Right,Left,3.0 Stars,3.0 Stars,Very Low
CL,19,Jason Starr,,New York,ABL,MLB,04/23/1997,26,USA,6' 0',200 lbs,Right,Right,2.5 Stars,2.5 Stars,Very Low
CL,7,Jimmy Sweeny,,Mississauga,ABL,MLB,08/08/2006,17,CAN,6' 2',180 lbs,Right,Right,1.5 Stars,3.0 Stars,Low
CL,28,Henry Tapia,,Colorado,ABL,MLB,06/22/1994,29,MEX,6' 1',205 lbs,Right,Right,3.5 Stars,3.5 Stars,Very Low
CL,7,Jeff Toland,,Guadalajara,ABL,MLB,08/21/1996,27,USA,6' 1',200 lbs,Right,Right,3.5 Stars,3.5 Stars,Very Low
CL,23,Chad Underwood,,Fort Worth,ABL,MLB,03/02/1999,25,USA,6' 6',235 lbs,Left,Right,3.5 Stars,3.5 Stars,Very Low
C,29,Justin Alderete,,San Antonio,ABL,MLB,03/03/2000,24,USA,6' 0',210 lbs,Right,Right,2.5 Stars,2.5 Stars,Very Low
C,25,Chris Barajas,,Acapulco,ABL,MLB,12/18/1998,25,USA,6' 6',255 lbs,Right,Right,2.0 Stars,2.0 Stars,Average
C,18,Joe Baxley,,St. Johns,ABL,MLB,09/29/1999,24,USA,6' 2',230 lbs,Right,Right,3.0 Stars,3.0 Stars,Very Low
C,20,Bobby Benegas,,Texas,ABL,MLB,08/27/1996,27,MEX,6' 0',210 lbs,Switch,Right,2.5 Stars,2.5 Stars,Low
C,25,Mike Bennett,,Ottawa,ABL,MLB,03/01/1998,26,USA,6' 4',240 lbs,Right,Right,2.0 Stars,2.0 Stars,Very Low
C,28,Mike Canton,,Victoria,ABL,MLB,11/23/1998,25,MEX,6' 3',225 lbs,Left,Right,2.5 Stars,2.5 Stars,Average
C,34,Tyler Crosby,,Chicago,ABL,MLB,09/12/1996,27,USA,6' 1',215 lbs,Switch,Right,3.0 Stars,3.0 Stars,Very Low
C,9,Pat Dekker,,Tlalnepantla,ABL,MLB,04/05/1999,25,USA,6' 0',210 lbs,Switch,Right,2.5 Stars,2.5 Stars,Average
C,23,Corey Dunlap,,Tlalnepantla,ABL,MLB,06/20/2000,23,USA,6' 6',225 lbs,Right,Right,3.5 Stars,3.5 Stars,Average
C,6,Miguel Esparza,,Phoenix,ABL,MLB,07/20/1995,28,MEX,6' 0',220 lbs,Right,Right,2.0 Stars,2.0 Stars,Very Low
C,32,Jim Evans,,Nezahualcoyotl,ABL,MLB,07/29/2000,23,USA,5' 10',195 lbs,Right,Right,2.5 Stars,2.5 Stars,Very Low
C,6,Jonathan Evans,,Vancouver,ABL,MLB,11/17/1998,25,USA,6' 0',205 lbs,Right,Right,2.5 Stars,2.5 Stars,Very Low
C,2,Eric Ewing,,Toronto,ABL,MLB,11/16/1999,24,CAN,6' 4',235 lbs,Right,Right,2.5 Stars,2.5 Stars,Average
C,27,Jon Flemming,,Toronto,ABL,MLB,04/24/1993,30,USA,6' 0',210 lbs,Right,Right,2.0 Stars,2.0 Stars,Very Low
C,4,Tyler Frederick,,Mexico City,ABL,MLB,09/07/1999,24,USA,6' 0',220 lbs,Left,Right,2.5 Stars,2.5 Stars,Average
C,23,Antonio Garcia,,Naucalpan,ABL,MLB,09/30/1998,25,MEX,5' 10',215 lbs,Right,Right,2.0 Stars,2.0 Stars,Average
C,23,Julio Garcia,,Acapulco,ABL,MLB,01/21/1995,29,USA,6' 3',225 lbs,Left,Right,2.5 Stars,2.5 Stars,Average
C,17,Jeff Gilroy,,Austin,ABL,MLB,05/16/2002,21,USA,6' 0',195 lbs,Right,Right,2.5 Stars,2.5 Stars,Average
C,11,Manny Gonzalez,,Calgary,ABL,MLB,02/23/1993,31,MEX,6' 0',200 lbs,Right,Right,2.5 Stars,2.5 Stars,Very Low
C,17,Juan Guzman,,Mérida,ABL,MLB,02/09/1998,26,MEX,6' 4',230 lbs,Right,Right,2.5 Stars,2.5 Stars,Very Low
C,11,Kevin Hanaway,,Jacksonville,ABL,MLB,02/14/2002,22,USA,6' 6',225 lbs,Right,Right,3.5 Stars,4.5 Stars,Average
C,11,Jordan Hansen,,Victoria,ABL,MLB,01/04/1999,25,USA,6' 3',220 lbs,Right,Right,2.5 Stars,2.5 Stars,Very Low
C,10,Gus Hernandez,,Puebla,ABL,MLB,05/01/2000,23,USA,6' 0',220 lbs,Right,Right,2.0 Stars,2.0 Stars,Very Low
C,14,Jose Herrera,,Austin,ABL,MLB,08/09/1994,29,MEX,6' 0',215 lbs,Right,Right,1.5 Stars,1.5 Stars,Average
C,10,Jeremy Hinkle,,Mississauga,ABL,MLB,04/20/2000,23,USA,6' 5',225 lbs,Right,Right,2.0 Stars,2.0 Stars,Very Low
C,6,Nazir Hubbard,,Puebla,ABL,MLB,10/17/1995,28,USA,6' 0',215 lbs,Right,Right,2.5 Stars,2.5 Stars,Low
C,19,Stan Jacobs,,Nulltown,AAAA,AAA,02/27/2000,24,CAN,6' 1',215 lbs,Right,Right,2.0 Stars,2.0 Stars,Very Low
C,78,Brian Joseph,,León,ABL,MLB,04/25/2000,23,USA,6' 0',200 lbs,Left,Right,2.5 Stars,2.5 Stars,Very Low
C,7,Matt LaRocque,,Atlanta,ABL,MLB,05/03/2000,23,USA,5' 10',195 lbs,Right,Right,2.5 Stars,2.5 Stars,Very Low
C,15,Heath Legge,,Mississauga,ABL,MLB,07/29/1999,24,CAN,5' 9',210 lbs,Right,Right,2.0 Stars,2.0 Stars,Average
C,11,Casey Madsen,,New York,ABL,MLB,04/12/1997,27,USA,5' 11',200 lbs,Right,Right,4.5 Stars,4.5 Stars,Very Low
C,11,Dan Major,,Phoenix,ABL,MLB,03/17/1998,26,USA,6' 2',215 lbs,Left,Right,2.5 Stars,2.5 Stars,Average
C,16,Hugh Mathews,,Texas,ABL,MLB,07/08/2001,22,CAN,6' 0',200 lbs,Switch,Right,2.5 Stars,3.0 Stars,Very Low
C,19,Jon Medellin,,San Luis Potosí,ABL,MLB,04/24/2002,21,MEX,6' 4',220 lbs,Right,Right,2.5 Stars,2.5 Stars,Average
C,6,Oscar Melgoza,,Fort Worth,ABL,MLB,08/11/2000,23,MEX,6' 0',200 lbs,Right,Right,2.0 Stars,2.0 Stars,Low
C,93,Chris Morris,,Colorado,ABL,MLB,04/23/1996,27,USA,6' 4',230 lbs,Right,Right,2.0 Stars,2.0 Stars,Very Low
C,30,Dewey Mrazek,,León,ABL,MLB,02/28/1999,25,CAN,6' 0',200 lbs,Right,Right,4.0 Stars,4.0 Stars,Very Low
C,21,Prince Mullins,,Vancouver,ABL,MLB,03/11/2001,23,USA,6' 0',200 lbs,Right,Right,2.5 Stars,2.5 Stars,Average
C,6,Sean Neal,,San Antonio,ABL,MLB,09/20/2001,22,USA,6' 6',250 lbs,Left,Right,2.5 Stars,2.5 Stars,Very Low
C,27,Patrick Novak,,Jacksonville,ABL,MLB,08/27/1996,27,USA,6' 2',235 lbs,Left,Right,2.5 Stars,2.5 Stars,Very Low
C,10,Cary Paradis,,Windsor,ABL,MLB,06/20/1999,24,CAN,6' 0',205 lbs,Switch,Right,2.5 Stars,2.5 Stars,Low
C,21,Dylan Partridge,,Windsor,ABL,MLB,02/05/1992,32,USA,6' 1',225 lbs,Left,Right,2.0 Stars,2.0 Stars,Low
C,8,Matt Peck,,Nezahualcoyotl,ABL,MLB,07/28/1998,25,USA,6' 1',205 lbs,Right,Right,3.0 Stars,3.0 Stars,Very Low
C,25,Montenegro Piedras,,Fort Worth,ABL,MLB,11/16/1996,27,MEX,6' 1',225 lbs,Right,Right,2.0 Stars,2.0 Stars,Average
C,95,Kenny Preciado,,Colorado,ABL,MLB,05/21/2001,22,USA,6' 0',205 lbs,Left,Right,2.0 Stars,2.5 Stars,Low
C,5,Quinn Priest,,Chicago,ABL,MLB,04/05/1997,27,USA,6' 1',230 lbs,Right,Right,2.0 Stars,2.0 Stars,Low
C,55,Trent Ramer,,Quebec City,ABL,MLB,04/04/1996,28,USA,6' 2',220 lbs,Left,Right,2.0 Stars,2.0 Stars,Very Low
C,11,Justin Reynolds,,Atlanta,ABL,MLB,11/04/1997,26,USA,6' 4',225 lbs,Right,Right,3.0 Stars,3.0 Stars,Average
C,1,Tyler Rincon,,Naucalpan,ABL,MLB,05/19/1996,27,USA,6' 1',210 lbs,Right,Right,2.5 Stars,2.5 Stars,Average
C,12,Jordan Rios,,Ottawa,ABL,MLB,02/01/2002,22,MEX,6' 0',205 lbs,Right,Right,2.0 Stars,2.0 Stars,Very Low
C,7,Danny Rivas,,New York,ABL,MLB,02/21/1997,27,MEX,6' 4',230 lbs,Right,Right,2.5 Stars,2.5 Stars,Average
C,14,Alex Rivera,,Guadalajara,ABL,MLB,11/30/1999,24,USA,6' 2',215 lbs,Right,Right,2.5 Stars,2.5 Stars,Very Low
C,5,Domingo Rubio,,Windsor,ABL,MLB,07/09/2000,23,USA,6' 0',215 lbs,Right,Right,1.5 Stars,1.5 Stars,Average
C,4,Oscar Sandovar,,Montreal,ABL,MLB,12/01/1989,34,USA,6' 0',225 lbs,Right,Right,3.0 Stars,3.0 Stars,Very Low
C,26,Nate Steele,,Guadalajara,ABL,MLB,05/18/1999,24,USA,6' 0',215 lbs,Right,Right,2.5 Stars,2.5 Stars,Average
C,23,Dave Stewart,,Colorado,ABL,MLB,12/02/1993,30,USA,6' 0',205 lbs,Right,Right,2.5 Stars,2.5 Stars,Average
C,24,Butch Trainor,,Montreal,ABL,MLB,08/29/2000,23,USA,6' 0',205 lbs,Switch,Right,2.5 Stars,2.5 Stars,Low
C,7,Ramon Vargas,,Calgary,ABL,MLB,04/20/2000,23,MEX,6' 4',225 lbs,Right,Right,4.0 Stars,4.0 Stars,Very Low
C,2,Frank Vasquez,,Quebec City,ABL,MLB,10/26/1997,26,MEX,6' 1',210 lbs,Right,Right,2.5 Stars,2.5 Stars,Average
C,2,Isaac Watson,,San Luis Potosí,ABL,MLB,10/19/1996,27,USA,6' 0',210 lbs,Right,Right,2.5 Stars,2.5 Stars,Average
C,10,Sam Whisman,,Mérida,ABL,MLB,01/11/2000,24,USA,6' 2',220 lbs,Right,Right,2.5 Stars,2.5 Stars,Very Low
C,16,Corey Witt,,St. Johns,ABL,MLB,10/10/2000,23,USA,6' 5',250 lbs,Right,Right,2.5 Stars,2.5 Stars,Average
C,27,Jamie Wright,,Mexico City,ABL,MLB,05/13/1997,26,USA,6' 0',215 lbs,Right,Right,2.5 Stars,2.5 Stars,Average
1B,12,Tony Amezcua,,Puebla,ABL,MLB,03/08/1993,31,MEX,6' 2',215 lbs,Right,Right,2.5 Stars,2.5 Stars,Very Low
1B,9,Jamie Amore,,St. Johns,ABL,MLB,08/27/1999,24,USA,6' 3',220 lbs,Right,Right,3.5 Stars,3.5 Stars,Very Low
1B,8,Jose Bencomo,,Calgary,ABL,MLB,05/28/1995,28,MEX,6' 1',205 lbs,Right,Right,2.5 Stars,2.5 Stars,Very Low
1B,24,Josh Bennett,,Quebec City,ABL,MLB,10/03/1990,33,USA,6' 2',205 lbs,Left,Left,4.0 Stars,4.0 Stars,Very Low
1B,2,Jared Brashears,,Chicago,ABL,MLB,09/16/1993,30,USA,6' 0',220 lbs,Right,Right,3.0 Stars,3.0 Stars,Average
1B,19,Pat Braswell,,Mérida,ABL,MLB,08/01/1989,34,USA,6' 8',280 lbs,Right,Right,2.5 Stars,2.5 Stars,Very Low
1B,54,Felipe Chihuahua,,San Luis Potosí,ABL,MLB,04/16/1990,33,MEX,6' 5',240 lbs,Left,Right,2.5 Stars,2.5 Stars,Average
1B,42,Tim Contreras,,Naucalpan,ABL,MLB,02/06/1999,25,USA,6' 4',260 lbs,Right,Left,0.5 Stars,0.5 Stars,Average
1B,13,Paul Cyr,,New York,ABL,MLB,12/03/1990,33,USA,6' 2',240 lbs,Left,Left,3.0 Stars,3.0 Stars,Very Low
1B,97,Jeff del Pilar,,Austin,ABL,MLB,05/02/1997,26,USA,6' 4',220 lbs,Left,Left,3.0 Stars,3.0 Stars,Very Low
1B,13,John Delbridge,,Jacksonville,ABL,MLB,02/14/1997,27,USA,6' 2',200 lbs,Switch,Right,4.5 Stars,4.5 Stars,Very Low
1B,21,Lee Dingledine,,New York,ABL,MLB,11/29/2006,17,USA,6' 3',210 lbs,Right,Right,0.5 Stars,2.5 Stars,Low
1B,25,Josh Fischer,,Jacksonville,ABL,MLB,05/07/1990,33,USA,6' 0',215 lbs,Right,Right,2.5 Stars,2.5 Stars,Average
1B,14,Ray Frye,,Mexico City,ABL,MLB,06/27/1995,28,USA,6' 5',240 lbs,Right,Right,3.5 Stars,3.5 Stars,Very Low
1B,8,Ezequiel Gallegos,,Toronto,ABL,MLB,09/22/1999,24,MEX,6' 5',235 lbs,Right,Right,2.5 Stars,2.5 Stars,Average
1B,25,Angelo Garcia,,Mississauga,ABL,MLB,10/02/1994,29,MEX,6' 2',240 lbs,Right,Right,3.0 Stars,3.0 Stars,Average
1B,24,Antonio Gonzalez,,León,ABL,MLB,11/24/2000,23,MEX,6' 6',235 lbs,Left,Left,2.5 Stars,2.5 Stars,Average
1B,19,Josh Heinke,,-,-,-,04/05/1997,27,USA,6' 0',200 lbs,Switch,Right,2.5 Stars,2.5 Stars,Very Low
1B,1,Danny Hernandez,,Guadalajara,ABL,MLB,05/01/1999,24,USA,6' 2',215 lbs,Right,Right,2.5 Stars,2.5 Stars,Very Low
1B,11,Tom Hines,,Windsor,ABL,MLB,06/27/1997,26,USA,6' 2',225 lbs,Left,Left,2.0 Stars,2.0 Stars,Low
1B,10,Kellen Hinton,,Ottawa,ABL,MLB,01/19/1999,25,USA,6' 8',265 lbs,Right,Right,3.0 Stars,3.0 Stars,Average
1B,3,Steve Horne,,Chicago,ABL,MLB,10/25/1994,29,USA,6' 4',210 lbs,Right,Right,3.0 Stars,3.5 Stars,Very Low
1B,9,Dan Hoyt,,Morelia,AAAA,AAA,07/26/1999,24,CAN,6' 0',195 lbs,Left,Right,2.5 Stars,2.5 Stars,Very Low
1B,21,Larry Huntt,,Nezahualcoyotl,ABL,MLB,11/03/1998,25,USA,6' 0',200 lbs,Left,Right,3.0 Stars,3.0 Stars,Average
1B,19,Sam Kinnard,,Mexico City,ABL,MLB,08/08/1989,34,USA,6' 2',235 lbs,Right,Right,5.0 Stars,5.0 Stars,Very Low
1B,14,John Kinney,,Montreal,ABL,MLB,03/31/1996,28,USA,6' 4',235 lbs,Left,Left,3.5 Stars,3.5 Stars,Very Low
1B,26,Tim Kirkland,,Texas,ABL,MLB,02/28/2000,24,USA,6' 0',195 lbs,Right,Right,2.0 Stars,2.5 Stars,Very Low
1B,7,Nick Kreger,,Tlalnepantla,ABL,MLB,06/27/1999,24,USA,6' 1',225 lbs,Right,Right,2.5 Stars,2.5 Stars,Average
1B,28,Pat Kurucz,,Atlanta,ABL,MLB,01/30/1995,29,CAN,6' 1',210 lbs,Right,Right,3.0 Stars,3.0 Stars,Average
1B,31,Kevin Lau,,San Luis Potosí,ABL,MLB,12/19/1996,27,USA,6' 2',225 lbs,Left,Left,2.5 Stars,2.5 Stars,Very Low
1B,21,Bob Lindsey,,Victoria,ABL,MLB,11/16/1996,27,USA,6' 2',230 lbs,Left,Left,5.0 Stars,5.0 Stars,Low
1B,26,Ramon Lovato,,Fort Worth,ABL,MLB,10/05/1992,31,MEX,6' 1',205 lbs,Left,Left,5.0 Stars,5.0 Stars,Very Low
1B,7,Jesus Manjarrez,,Quebec City,ABL,MLB,02/04/2000,24,MEX,6' 0',210 lbs,Right,Right,2.5 Stars,2.5 Stars,Very Low
1B,13,Matt Mayhorn,,Nezahualcoyotl,ABL,MLB,12/09/1999,24,USA,6' 0',190 lbs,Right,Right,2.5 Stars,2.5 Stars,Very Low
1B,16,Juan Merla,,Mississauga,ABL,MLB,07/24/1998,25,MEX,6' 2',205 lbs,Switch,Right,2.5 Stars,2.5 Stars,Average
1B,21,Mike Meske,,Toronto,ABL,MLB,04/18/1997,26,USA,6' 2',230 lbs,Switch,Right,2.5 Stars,2.5 Stars,Average
1B,2,Chris Ortiz,,Acapulco,ABL,MLB,11/19/1992,31,MEX,6' 2',235 lbs,Right,Right,2.5 Stars,2.5 Stars,Very Low
1B,17,Brad Patrick,,Texas,ABL,MLB,01/12/1997,27,USA,6' 0',205 lbs,Right,Right,2.0 Stars,2.0 Stars,Average
1B,20,Willie Pelayo,,Vancouver,ABL,MLB,08/30/1993,30,MEX,6' 5',245 lbs,Right,Right,3.5 Stars,3.5 Stars,Average
1B,20,Aaron Peterson,,Calgary,ABL,MLB,04/07/1997,27,USA,6' 4',240 lbs,Right,Right,2.5 Stars,2.5 Stars,Very Low
1B,12,Dennis Pokorny,,Vancouver,ABL,MLB,12/23/2000,23,USA,6' 4',225 lbs,Right,Right,5.0 Stars,5.0 Stars,Very Low
1B,32,T.J. Price,,New York,ABL,MLB,10/09/1988,35,USA,6' 0',210 lbs,Right,Right,3.0 Stars,3.0 Stars,Average
1B,16,Brian Redmon,,-,-,-,06/01/1994,29,USA,6' 2',230 lbs,Right,Right,2.5 Stars,2.5 Stars,Very Low
1B,25,Angelo Rodriguez,,San Antonio,ABL,MLB,10/06/2001,22,USA,6' 2',225 lbs,Right,Right,2.5 Stars,2.5 Stars,Average
1B,4,Francisco Rodriguez,,Phoenix,ABL,MLB,02/16/1997,27,USA,6' 0',190 lbs,Right,Right,3.0 Stars,3.0 Stars,Average
1B,55,Bill Salazar,,Fort Worth,ABL,MLB,09/10/1996,27,MEX,6' 2',230 lbs,Right,Right,2.5 Stars,2.5 Stars,Very Low
1B,5,Julio Salcedo,,Toronto,ABL,MLB,02/08/1999,25,MEX,6' 3',240 lbs,Switch,Right,2.0 Stars,2.0 Stars,Very Low
1B,25,Vito Salcido,,Colorado,ABL,MLB,03/30/1989,35,MEX,6' 4',230 lbs,Right,Right,4.5 Stars,4.5 Stars,Very Low
1B,10,Juan Santiago,,Tlalnepantla,ABL,MLB,04/26/1999,24,USA,6' 0',205 lbs,Right,Right,2.5 Stars,2.5 Stars,Very Low
1B,3,Adam Schmidt,,Nezahualcoyotl,ABL,MLB,05/04/1995,28,USA,6' 2',200 lbs,Right,Right,3.0 Stars,3.0 Stars,Very Low
1B,2,Justin Shupe,,Naucalpan,ABL,MLB,10/31/1999,24,USA,6' 4',215 lbs,Right,Right,2.0 Stars,2.5 Stars,Very Low
1B,38,Ryan Simonsen,,Calgary,ABL,MLB,11/28/1999,24,USA,6' 2',230 lbs,Right,Right,2.0 Stars,2.5 Stars,Very Low
1B,20,Ford Smallwood,,Windsor,ABL,MLB,07/09/1994,29,CAN,6' 6',245 lbs,Left,Left,5.0 Stars,5.0 Stars,Low
1B,18,Adam Smith,,Colorado,ABL,MLB,04/27/1999,24,USA,6' 3',235 lbs,Left,Left,3.0 Stars,3.5 Stars,Low
1B,29,Jesse Smith,,Acapulco,ABL,MLB,02/04/1990,34,USA,6' 2',220 lbs,Right,Right,2.0 Stars,2.0 Stars,Average
1B,4,Cody Sparks,,Texas,ABL,MLB,12/06/1998,25,USA,6' 4',235 lbs,Right,Right,0.5 Stars,0.5 Stars,Average
1B,11,Jeremy Taylor,,Guadalajara,ABL,MLB,04/29/2000,23,USA,6' 2',225 lbs,Switch,Right,2.5 Stars,3.0 Stars,Very Low
1B,22,Aaron Thorpe,,Ottawa,ABL,MLB,07/29/1995,28,USA,6' 0',195 lbs,Left,Right,3.0 Stars,3.0 Stars,Low
1B,7,Kevin Whitaker,,León,ABL,MLB,03/01/1996,28,USA,6' 8',265 lbs,Left,Left,2.5 Stars,2.5 Stars,Average
1B,2,Steve Wilkinson,,San Antonio,ABL,MLB,07/15/1993,30,USA,6' 4',220 lbs,Right,Right,2.5 Stars,2.5 Stars,Very Low
1B,27,Cameron Williams,,Austin,ABL,MLB,02/17/1998,26,CAN,6' 1',200 lbs,Left,Right,2.5 Stars,3.0 Stars,Very Low
1B,18,Justin Zoch,,Windsor,ABL,MLB,10/24/1992,31,USA,6' 2',240 lbs,Left,Left,2.5 Stars,2.5 Stars,Low
2B,11,Tomas Altamirano,,Markham,AAAA,AAA,05/23/1999,24,MEX,6' 1',190 lbs,Right,Right,2.0 Stars,2.5 Stars,Average
2B,13,Josh Altomonte,,San Antonio,ABL,MLB,07/02/1997,26,USA,6' 2',200 lbs,Right,Right,5.0 Stars,5.0 Stars,Very Low
2B,9,Chris Armstrong,,Mississauga,ABL,MLB,10/09/2001,22,USA,6' 3',200 lbs,Switch,Right,2.5 Stars,2.5 Stars,Low
2B,10,Roger Aubry,,New York,ABL,MLB,02/28/1996,28,CAN,6' 4',220 lbs,Right,Right,3.0 Stars,3.0 Stars,Average
2B,5,Chris Beasley,,Puebla,ABL,MLB,10/04/2000,23,USA,6' 0',190 lbs,Right,Right,3.5 Stars,4.0 Stars,Very Low
2B,9,Dashawn Brown,,Fort Worth,ABL,MLB,03/15/1998,26,USA,6' 1',200 lbs,Right,Right,2.5 Stars,2.5 Stars,Very Low
2B,23,Mike Bunya,,Jacksonville,ABL,MLB,09/07/1998,25,USA,6' 1',195 lbs,Right,Right,2.5 Stars,2.5 Stars,Very Low
2B,9,Benito Calderon,,Victoria,ABL,MLB,02/13/1994,30,MEX,6' 4',220 lbs,Right,Right,3.5 Stars,3.5 Stars,Low
2B,40,Felipe Ceja,,Quebec City,ABL,MLB,07/14/1995,28,USA,6' 0',210 lbs,Right,Right,2.0 Stars,2.0 Stars,Very Low
2B,20,Jose Cisneros,,Mérida,ABL,MLB,08/09/2000,23,MEX,6' 3',205 lbs,Right,Right,2.5 Stars,2.5 Stars,Very Low
2B,41,Tanner Coleman,,San Luis Potosí,ABL,MLB,06/06/1996,27,USA,6' 0',200 lbs,Right,Right,3.0 Stars,3.0 Stars,Average
2B,11,Marcos De Gusman,,Tlalnepantla,ABL,MLB,06/18/2000,23,MEX,6' 2',195 lbs,Right,Right,2.5 Stars,3.0 Stars,Average
2B,21,Gary Dexter,,Calgary,ABL,MLB,01/15/1991,33,USA,6' 0',200 lbs,Right,Right,2.5 Stars,2.5 Stars,Average
2B,55,Chris Dobson,,Tlalnepantla,ABL,MLB,10/30/1997,26,USA,6' 1',200 lbs,Right,Right,2.5 Stars,2.5 Stars,Average
2B,23,Haywood Eteldrum,,Atlanta,ABL,MLB,10/10/1997,26,CAN,6' 2',205 lbs,Right,Right,2.5 Stars,2.5 Stars,Very Low
2B,14,Cameron Fitzgerald,,Victoria,ABL,MLB,02/12/2003,21,USA,6' 2',190 lbs,Right,Right,3.0 Stars,3.0 Stars,Average
2B,11,Jason Glass,,Fort Worth,ABL,MLB,02/17/1999,25,USA,6' 0',200 lbs,Right,Right,3.0 Stars,3.0 Stars,Average
2B,15,Rich Grange,,San Antonio,ABL,MLB,02/26/1999,25,CAN,5' 11',185 lbs,Right,Right,2.5 Stars,2.5 Stars,Average
2B,28,Tyler Green,,Mississauga,ABL,MLB,04/08/1995,29,USA,6' 0',205 lbs,Right,Right,2.5 Stars,2.5 Stars,Very Low
2B,10,Grant Greene,,Victoria,ABL,MLB,08/01/2006,17,USA,6' 4',185 lbs,Right,Right,0.5 Stars,3.5 Stars,Very Low
2B,3,Elias Gutierrez,,Colorado,ABL,MLB,01/04/1995,29,MEX,6' 0',195 lbs,Left,Right,2.5 Stars,2.5 Stars,Average
2B,13,Chris Harrison,,Toronto,ABL,MLB,10/05/1998,25,USA,6' 2',200 lbs,Left,Right,4.5 Stars,4.5 Stars,Very Low
2B,19,Joe Hatch,,Acapulco,ABL,MLB,04/03/1999,25,USA,6' 0',190 lbs,Right,Right,2.5 Stars,3.0 Stars,Very Low
2B,2,Armando Hayes,,Mérida,ABL,MLB,03/01/1996,28,USA,6' 0',200 lbs,Right,Right,2.5 Stars,2.5 Stars,Very Low
2B,25,John Hirsh,,Texas,ABL,MLB,07/18/1999,24,USA,6' 2',200 lbs,Right,Right,3.5 Stars,3.5 Stars,Very Low
2B,5,Micah Ingram,,San Luis Potosí,ABL,MLB,03/29/2001,23,USA,6' 1',190 lbs,Switch,Right,3.0 Stars,4.0 Stars,Average
2B,14,Bobby Jimenez,,Jacksonville,ABL,MLB,07/18/1998,25,MEX,6' 1',200 lbs,Right,Right,2.5 Stars,2.5 Stars,Average
2B,23,Freddie Johnson,,Quebec City,ABL,MLB,09/22/1999,24,USA,6' 0',195 lbs,Right,Right,3.5 Stars,3.5 Stars,Average
2B,15,John Laessig,,Montreal,ABL,MLB,02/03/1998,26,USA,6' 0',190 lbs,Right,Right,2.5 Stars,2.5 Stars,Average
2B,12,Matt Lopez,,Austin,ABL,MLB,09/18/1999,24,USA,5' 11',185 lbs,Right,Right,2.0 Stars,2.0 Stars,Low
2B,30,Joey Love,,Atlanta,ABL,MLB,09/03/2000,23,USA,6' 4',200 lbs,Right,Right,3.0 Stars,3.0 Stars,Average
2B,6,Javon Martin,,Mérida,ABL,MLB,03/02/1997,27,USA,5' 10',185 lbs,Right,Right,2.5 Stars,2.5 Stars,Very Low
2B,1,Guadalupe Meza,,León,ABL,MLB,08/02/1994,29,MEX,6' 2',200 lbs,Switch,Right,5.0 Stars,5.0 Stars,Average
2B,1,Tom Naumann,,Windsor,ABL,MLB,07/27/1998,25,USA,6' 0',195 lbs,Left,Right,2.5 Stars,2.5 Stars,Low
2B,19,Rob Necessary,,Vancouver,ABL,MLB,11/24/1998,25,USA,5' 10',180 lbs,Right,Right,3.0 Stars,3.0 Stars,Very Low
2B,26,Justin Noce,,Acapulco,ABL,MLB,06/18/1996,27,USA,6' 2',195 lbs,Right,Right,2.5 Stars,2.5 Stars,Very Low
2B,22,Frank Norman,,Naucalpan,ABL,MLB,08/29/2000,23,CAN,6' 2',200 lbs,Right,Right,3.5 Stars,3.5 Stars,Average
2B,19,Mel Offredi,,Phoenix,ABL,MLB,01/04/1997,27,CAN,6' 2',200 lbs,Right,Right,2.0 Stars,2.0 Stars,Average
2B,28,Nick Pape,,Nezahualcoyotl,ABL,MLB,04/22/2002,21,USA,6' 0',180 lbs,Right,Right,2.0 Stars,2.5 Stars,Average
2B,18,Albert Perez,,Guadalajara,ABL,MLB,11/28/1997,26,MEX,6' 1',195 lbs,Right,Right,2.5 Stars,2.5 Stars,Very Low
2B,19,Emilio Perez,,Atlanta,ABL,MLB,04/02/1992,32,MEX,6' 1',205 lbs,Right,Right,3.0 Stars,3.0 Stars,Very Low
2B,63,Josh Peters,,Guadalajara,ABL,MLB,07/21/1986,37,USA,6' 0',195 lbs,Right,Right,2.5 Stars,2.5 Stars,Average
2B,20,Jim Pollock,,New York,ABL,MLB,02/07/1998,26,USA,6' 0',200 lbs,Right,Right,2.5 Stars,2.5 Stars,Average
2B,10,Ron Purvis,,Phoenix,ABL,MLB,03/16/2000,24,USA,5' 10',175 lbs,Right,Right,2.5 Stars,2.5 Stars,Average
2B,2,Victor Ramirez,,St. Johns,ABL,MLB,04/09/2000,24,USA,6' 0',195 lbs,Right,Right,2.5 Stars,3.5 Stars,Average
2B,41,Juan Reinoso,,Mexico City,ABL,MLB,10/04/1994,29,MEX,6' 3',205 lbs,Right,Right,4.5 Stars,4.5 Stars,Very Low
2B,34,Craig Roberts,,Colorado,ABL,MLB,06/05/2001,22,USA,6' 4',200 lbs,Right,Right,4.5 Stars,5.0 Stars,Very Low
2B,21,Miguel Robles,,Mexico City,ABL,MLB,09/15/1995,28,MEX,6' 2',205 lbs,Left,Right,2.5 Stars,2.5 Stars,Very Low
2B,40,Arturo Ruiz,,San Antonio,ABL,MLB,09/24/2006,17,MEX,6' 2',170 lbs,Right,Right,0.5 Stars,2.5 Stars,Low
2B,27,Manny Sanchez,,Chicago,ABL,MLB,10/04/1998,25,MEX,5' 10',195 lbs,Right,Right,3.0 Stars,3.0 Stars,Very Low
2B,27,Alberto Savedra,,St. Johns,ABL,MLB,11/12/1997,26,MEX,6' 0',185 lbs,Left,Right,2.5 Stars,2.5 Stars,Very Low
2B,10,Ignacio Serrano,,London,AAAA,AAA,01/24/1999,25,MEX,6' 3',205 lbs,Right,Right,2.5 Stars,2.5 Stars,Very Low
2B,21,Tony Torres,,Springhill,AAAA,AAA,10/27/1999,24,MEX,6' 3',215 lbs,Right,Right,1.5 Stars,2.0 Stars,Very Low
2B,2,Jason Tribble,,Windsor,ABL,MLB,12/14/1995,28,USA,5' 10',185 lbs,Right,Right,2.5 Stars,2.5 Stars,Low
2B,26,Oscar Valdivia,,Tlalnepantla,ABL,MLB,06/20/2002,21,MEX,6' 4',205 lbs,Right,Right,2.5 Stars,2.5 Stars,Very Low
2B,20,Salvador Villalobos,,Ottawa,ABL,MLB,11/30/1997,26,USA,6' 2',195 lbs,Right,Right,3.5 Stars,3.5 Stars,Average
2B,33,Danny Villanueva,,Chicago,ABL,MLB,12/18/1999,24,MEX,6' 2',195 lbs,Right,Right,3.0 Stars,3.0 Stars,Very Low
2B,6,Mike Washington,,Nezahualcoyotl,ABL,MLB,12/21/2000,23,USA,6' 0',190 lbs,Left,Right,2.5 Stars,3.0 Stars,Average
2B,98,Josh Watson,,Atlanta,ABL,MLB,04/01/1996,28,USA,6' 3',200 lbs,Switch,Right,2.0 Stars,2.0 Stars,Very Low
2B,5,Howie Westlake,,Mississauga,ABL,MLB,05/31/2000,23,USA,6' 1',175 lbs,Right,Right,2.5 Stars,2.5 Stars,Average
2B,39,Chris Williams,,Jacksonville,ABL,MLB,01/14/1998,26,USA,6' 1',190 lbs,Right,Right,2.5 Stars,2.5 Stars,Very Low
3B,28,Adam Anderson,,Phoenix,ABL,MLB,11/14/1991,32,USA,6' 4',235 lbs,Right,Right,3.0 Stars,3.0 Stars,Very Low
3B,43,Shawn Antle,,Quebec City,ABL,MLB,09/25/1995,28,CAN,6' 1',235 lbs,Right,Right,2.0 Stars,2.0 Stars,Very Low
3B,23,Jerry Ayala,,Texas,ABL,MLB,10/18/1992,31,MEX,6' 1',220 lbs,Right,Right,2.0 Stars,2.0 Stars,Very Low
3B,50,Randolph Berry,,Chicago,ABL,MLB,01/13/2000,24,CAN,6' 1',200 lbs,Right,Right,2.5 Stars,2.5 Stars,Very Low
3B,34,Miguel Bisono,,Toronto,ABL,MLB,10/26/1998,25,MEX,6' 0',200 lbs,Right,Right,2.5 Stars,2.5 Stars,Very Low
3B,21,John Boivin,,Guadalajara,ABL,MLB,11/24/1997,26,CAN,6' 2',215 lbs,Right,Right,2.5 Stars,2.5 Stars,Average
3B,31,Justin Borden,,New York,ABL,MLB,02/01/1998,26,USA,6' 0',195 lbs,Right,Right,2.5 Stars,2.5 Stars,Average
3B,50,Andy Bradford,,Calgary,ABL,MLB,06/27/1999,24,USA,6' 0',185 lbs,Right,Right,2.5 Stars,2.5 Stars,Very Low
3B,40,Jonathan Carsello,,Naucalpan,ABL,MLB,12/05/1999,24,USA,6' 4',195 lbs,Left,Right,3.0 Stars,3.0 Stars,Very Low
3B,4,Andy Cowart,,St. Johns,ABL,MLB,09/28/1983,40,USA,6' 3',215 lbs,Switch,Right,2.5 Stars,2.5 Stars,Very Low
3B,17,Izzy Damian,,Acapulco,ABL,MLB,12/14/1997,26,USA,6' 0',205 lbs,Right,Right,2.5 Stars,2.5 Stars,Very Low
3B,16,Kevin Dickinson,,Montreal,ABL,MLB,08/15/1997,26,USA,6' 4',205 lbs,Right,Right,2.5 Stars,2.5 Stars,Average
3B,12,Bryan Dodge,,Fort Worth,ABL,MLB,06/16/1996,27,USA,6' 1',210 lbs,Right,Right,2.5 Stars,2.5 Stars,Very Low
3B,8,Erik Frascarelli,,Ottawa,ABL,MLB,03/12/1995,29,USA,6' 0',195 lbs,Switch,Right,2.5 Stars,2.5 Stars,Very Low
3B,25,Mark Ghezzi,,León,ABL,MLB,09/02/1997,26,USA,6' 0',200 lbs,Right,Right,2.5 Stars,2.5 Stars,Average
3B,24,Josh Greco,,Nezahualcoyotl,ABL,MLB,02/27/1997,27,USA,6' 3',220 lbs,Right,Right,2.5 Stars,2.5 Stars,Average
3B,27,Mike Hagner,,Victoria,ABL,MLB,08/28/1997,26,USA,6' 2',215 lbs,Left,Right,2.5 Stars,2.5 Stars,Average
3B,29,David Henderson,,Mexico City,ABL,MLB,10/13/1996,27,USA,6' 2',210 lbs,Right,Right,4.5 Stars,4.5 Stars,Very Low
3B,33,Alejandro Ibarra,,New York,ABL,MLB,10/19/1995,28,USA,6' 0',190 lbs,Right,Right,5.0 Stars,5.0 Stars,Very Low
3B,33,TOMMY JUSTICE,,Windsor,ABL,MLB,10/17/2001,22,USA,6' 3',210 lbs,Right,Right,2.5 Stars,3.0 Stars,Low
3B,62,Steve Kick,,Tlalnepantla,ABL,MLB,03/03/2000,24,USA,5' 11',195 lbs,Switch,Right,2.5 Stars,2.5 Stars,Average
3B,22,Craig Lewis,,Victoria,ABL,MLB,07/21/2000,23,USA,6' 4',220 lbs,Switch,Right,2.5 Stars,3.5 Stars,Very Low
3B,12,Andy Lira,,León,ABL,MLB,11/22/1997,26,USA,6' 0',205 lbs,Switch,Right,2.0 Stars,2.0 Stars,Low
3B,15,Matt Marshall,,Baltimore,AAAA,AAA,06/07/1998,25,USA,6' 1',210 lbs,Right,Right,2.0 Stars,2.0 Stars,Very Low
3B,10,Luke McCullough,,-,-,-,01/28/1997,27,USA,6' 0',205 lbs,Right,Right,2.0 Stars,2.0 Stars,Very Low
3B,16,Edgardo Mejia,,Calgary,ABL,MLB,06/13/1994,29,USA,6' 4',230 lbs,Right,Right,2.5 Stars,2.5 Stars,Very Low
3B,39,Alex Mendez,,Puebla,ABL,MLB,05/08/1992,31,USA,6' 1',190 lbs,Right,Right,2.5 Stars,2.5 Stars,Average
3B,7,Yuuchi Okuno,,Vancouver,ABL,MLB,04/11/1997,27,USA,6' 1',190 lbs,Right,Right,2.5 Stars,2.5 Stars,Average
3B,25,Justin Perez,,St. Johns,ABL,MLB,03/07/1993,31,USA,6' 2',210 lbs,Right,Right,3.0 Stars,3.0 Stars,Very Low
3B,17,Carlos Proenza,,Tlalnepantla,ABL,MLB,02/01/1999,25,MEX,6' 4',205 lbs,Right,Right,2.5 Stars,2.5 Stars,Average
3B,19,Tony Raggio,,Colorado,ABL,MLB,05/14/1985,38,VEN,6' 0',205 lbs,Left,Right,3.0 Stars,3.0 Stars,Very Low
3B,4,Arnold Raymond,,Atlanta,ABL,MLB,07/11/2000,23,USA,6' 4',215 lbs,Left,Right,2.5 Stars,2.5 Stars,Very Low
3B,21,Ricardo Rodriguez,,Texas,ABL,MLB,07/20/2002,21,MEX,6' 4',215 lbs,Left,Right,2.5 Stars,2.5 Stars,Very Low
3B,11,Justin Rosen,,Naucalpan,ABL,MLB,08/18/1998,25,USA,6' 4',225 lbs,Right,Right,2.5 Stars,2.5 Stars,Average
3B,21,Chris Singer,,Quebec City,ABL,MLB,08/02/1998,25,USA,6' 0',195 lbs,Right,Right,2.5 Stars,2.5 Stars,Very Low
3B,6,Dave Skaggs,,Ottawa,ABL,MLB,10/16/1999,24,USA,6' 0',200 lbs,Left,Right,2.5 Stars,2.5 Stars,Average
3B,19,Bryan Skiles,,Austin,ABL,MLB,11/21/2001,22,USA,6' 1',205 lbs,Right,Right,2.5 Stars,2.5 Stars,Average
3B,14,Jeff Smith,,San Luis Potosí,ABL,MLB,12/20/2000,23,USA,6' 0',200 lbs,Left,Right,2.5 Stars,2.5 Stars,Very Low
3B,26,Fritz Stretton,,Nezahualcoyotl,ABL,MLB,12/11/1995,28,CAN,6' 0',200 lbs,Right,Right,2.5 Stars,2.5 Stars,Very Low
3B,27,Ryan Strong,,Mérida,ABL,MLB,07/05/1998,25,USA,6' 0',200 lbs,Left,Right,3.5 Stars,4.0 Stars,Average
3B,62,John Talbert,,San Antonio,ABL,MLB,12/02/1996,27,USA,6' 2',210 lbs,Right,Right,2.5 Stars,2.5 Stars,Average
3B,33,Steve Taylor,,Austin,ABL,MLB,11/20/2000,23,USA,6' 0',185 lbs,Right,Right,2.5 Stars,2.5 Stars,Very Low
3B,17,Clint Tomlinson,,Jacksonville,ABL,MLB,08/04/1999,24,USA,6' 4',220 lbs,Right,Right,3.0 Stars,3.5 Stars,Very Low
3B,7,Garrett Vanbuskirk,,Puebla,ABL,MLB,07/10/1983,40,CAN,6' 1',215 lbs,Right,Right,3.0 Stars,3.0 Stars,Very Low
3B,32,Efrain Vega,,Mississauga,ABL,MLB,03/15/1994,30,MEX,6' 0',190 lbs,Right,Right,2.0 Stars,2.0 Stars,Very Low
3B,21,Victor Villa,,Puebla,ABL,MLB,08/23/1997,26,USA,6' 1',205 lbs,Right,Right,2.5 Stars,2.5 Stars,Very Low
3B,62,Steve White,,Montreal,ABL,MLB,07/13/1998,25,USA,6' 1',205 lbs,Right,Right,2.5 Stars,2.5 Stars,Average
3B,14,Bobby Young,,-,-,-,11/10/1993,30,USA,6' 2',205 lbs,Right,Right,2.5 Stars,2.5 Stars,Very Low
SS,6,Santos Ambriz,,Chicago,ABL,MLB,03/25/1991,33,MEX,6' 1',200 lbs,Right,Right,5.0 Stars,5.0 Stars,Very Low
SS,15,Mike Bock,,San Luis Potosí,ABL,MLB,06/26/1993,30,USA,6' 2',205 lbs,Right,Right,5.0 Stars,5.0 Stars,Average
SS,3,Eric Bunn,,Atlanta,ABL,MLB,05/03/1996,27,USA,6' 0',190 lbs,Right,Right,3.0 Stars,3.0 Stars,Very Low
SS,29,Klemi Carroll,,Tuxtla Gutiérrez,AAAA,AAA,02/13/1997,27,USA,6' 3',220 lbs,Right,Right,2.5 Stars,2.5 Stars,Very Low
SS,27,Bill Castillo,,Mississauga,ABL,MLB,07/22/1997,26,USA,6' 0',195 lbs,Right,Right,5.0 Stars,5.0 Stars,Average
SS,19,Adam Cogswell,,Nezahualcoyotl,ABL,MLB,09/08/1993,30,USA,6' 0',205 lbs,Right,Right,2.5 Stars,2.5 Stars,Average
SS,5,Dante Cooper,,Colorado,ABL,MLB,06/27/1997,26,CAN,6' 1',200 lbs,Right,Right,2.5 Stars,2.5 Stars,Very Low
SS,17,David Crossett,,Fort Worth,ABL,MLB,02/24/1998,26,USA,6' 3',200 lbs,Right,Right,3.0 Stars,3.0 Stars,Very Low
SS,7,Daniel Cruz,,Windsor,ABL,MLB,01/30/1999,25,USA,6' 3',200 lbs,Left,Right,2.0 Stars,2.0 Stars,High
SS,3,Juan Delgadillo,,St. Johns,ABL,MLB,11/04/1998,25,MEX,6' 0',185 lbs,Right,Right,2.5 Stars,2.5 Stars,Average
SS,24,Lou Dugas,,Guadalajara,ABL,MLB,01/28/1998,26,CAN,6' 0',190 lbs,Right,Right,2.5 Stars,2.5 Stars,Very Low
SS,58,Landon Fagan,,Acapulco,ABL,MLB,01/14/1997,27,USA,6' 0',180 lbs,Right,Right,3.5 Stars,3.5 Stars,Average
SS,20,Danny Gonzalez,,Quebec City,ABL,MLB,09/23/2000,23,MEX,6' 3',195 lbs,Left,Right,1.5 Stars,1.5 Stars,Very Low
SS,8,Fernando Gutierrez,,Victoria,ABL,MLB,09/26/2002,21,MEX,6' 1',190 lbs,Switch,Right,2.0 Stars,2.0 Stars,Very Low
SS,27,Victor Guzman,,Vancouver,ABL,MLB,04/06/1998,26,MEX,6' 4',200 lbs,Right,Right,2.5 Stars,2.5 Stars,Average
SS,8,Scott Hardin,,Texas,ABL,MLB,10/21/2000,23,USA,5' 10',175 lbs,Switch,Right,1.5 Stars,2.0 Stars,Very Low
SS,4,John Head,,Mérida,ABL,MLB,06/20/1999,24,USA,6' 0',190 lbs,Right,Right,3.5 Stars,4.5 Stars,Average
SS,7,Tyler Herigstad,,Phoenix,ABL,MLB,01/05/1998,26,USA,6' 1',190 lbs,Right,Right,3.5 Stars,3.5 Stars,Average
SS,11,Dave Hinderaker,,Puebla,ABL,MLB,01/24/1993,31,USA,6' 2',200 lbs,Switch,Right,2.5 Stars,2.5 Stars,Very Low
SS,20,Dudley Leahy,,Nezahualcoyotl,ABL,MLB,04/29/1998,25,CAN,6' 0',185 lbs,Right,Right,3.0 Stars,3.0 Stars,Average
SS,16,Josh Manning,,Corpus Christi,AAAA,AAA,03/19/1997,27,USA,6' 4',220 lbs,Right,Right,1.5 Stars,1.5 Stars,Very Low
SS,12,Chris Manns,,Naucalpan,ABL,MLB,06/08/1990,33,USA,6' 2',205 lbs,Right,Right,3.0 Stars,3.0 Stars,Average
SS,3,Jose Manzanares,,Ottawa,ABL,MLB,06/10/2000,23,MEX,6' 2',195 lbs,Right,Right,2.5 Stars,2.5 Stars,Average
SS,2,Troy McAtee,,Jacksonville,ABL,MLB,08/03/1999,24,USA,6' 0',185 lbs,Switch,Right,3.0 Stars,3.0 Stars,Average
SS,22,Chris McKean,,Guadalajara,ABL,MLB,04/17/1995,28,USA,6' 1',195 lbs,Left,Right,2.0 Stars,2.0 Stars,Average
SS,65,Mike Miller,,Vancouver,ABL,MLB,03/17/2000,24,USA,6' 2',190 lbs,Right,Right,2.5 Stars,2.5 Stars,Very Low
SS,11,Josh Milos,,Toronto,ABL,MLB,10/03/2000,23,USA,6' 1',200 lbs,Right,Right,3.5 Stars,3.5 Stars,Very Low
SS,34,Rick Neiman,,Calgary,ABL,MLB,01/23/2001,23,USA,6' 2',185 lbs,Right,Right,5.0 Stars,5.0 Stars,Average
SS,23,Brian Neville,,Montreal,ABL,MLB,09/21/2002,21,USA,6' 4',200 lbs,Left,Right,2.5 Stars,2.5 Stars,Very Low
SS,12,Efrain Rodriguez,,Phoenix,ABL,MLB,10/04/2000,23,MEX,6' 0',190 lbs,Right,Right,3.5 Stars,3.5 Stars,Average
SS,15,Vic Roman,,Naucalpan,ABL,MLB,09/10/1999,24,USA,6' 1',195 lbs,Left,Right,2.5 Stars,2.5 Stars,Very Low
SS,3,Alejandro Sanchez,,León,ABL,MLB,03/26/1999,25,MEX,6' 1',205 lbs,Right,Right,3.0 Stars,3.0 Stars,Very Low
SS,18,Danny Silva,,Fort Worth,ABL,MLB,05/02/1999,24,MEX,6' 0',190 lbs,Left,Right,2.5 Stars,2.5 Stars,Very Low
SS,23,Maurice Tarver,,Austin,ABL,MLB,07/04/1998,25,USA,6' 0',185 lbs,Switch,Right,2.5 Stars,2.5 Stars,Average
SS,27,Bobby Tovar,,León,ABL,MLB,08/03/1997,26,MEX,6' 1',190 lbs,Right,Right,2.5 Stars,2.5 Stars,Very Low
SS,2,Brian Trendle,,Tlalnepantla,ABL,MLB,09/24/1992,31,USA,6' 0',190 lbs,Right,Right,3.0 Stars,3.0 Stars,Very Low
SS,9,Paul Tucci,,Naucalpan,ABL,MLB,07/10/1994,29,USA,6' 4',210 lbs,Left,Right,2.5 Stars,2.5 Stars,Very Low
SS,17,Travis Turner,,New York,ABL,MLB,10/21/2002,21,USA,6' 1',175 lbs,Right,Right,3.0 Stars,4.0 Stars,Very Low
SS,8,Ian Uribe,,Puebla,ABL,MLB,02/07/1997,27,USA,6' 4',210 lbs,Right,Right,3.0 Stars,3.0 Stars,Average
SS,13,Edgar Valdez,,Windsor,ABL,MLB,04/27/1997,26,MEX,6' 1',200 lbs,Right,Right,2.5 Stars,2.5 Stars,Low
SS,18,Bobby Vasquez,,San Antonio,ABL,MLB,01/09/1995,29,MEX,6' 0',195 lbs,Right,Right,2.0 Stars,2.0 Stars,Average
SS,20,Ryan Webb,,Montreal,ABL,MLB,11/04/1997,26,USA,6' 4',210 lbs,Left,Right,2.5 Stars,2.5 Stars,Average
SS,28,David Williams,,Mexico City,ABL,MLB,07/04/1993,30,USA,6' 2',205 lbs,Right,Right,5.0 Stars,5.0 Stars,Average
LF,19,Jalen Austin,,Calgary,ABL,MLB,02/20/1996,28,CAN,6' 2',215 lbs,Left,Left,2.5 Stars,3.0 Stars,Very Low
LF,23,Clark Barrett,,Toronto,ABL,MLB,12/31/2002,21,USA,6' 4',205 lbs,Right,Right,3.0 Stars,5.0 Stars,Very Low
LF,14,Mark Battle,,Windsor,ABL,MLB,04/25/1996,27,USA,6' 0',195 lbs,Left,Left,2.5 Stars,2.5 Stars,Low
LF,42,Chester Beals,,Tlalnepantla,ABL,MLB,04/28/2000,23,CAN,6' 3',210 lbs,Left,Left,2.5 Stars,3.0 Stars,Very Low
LF,22,Jon Boland,,Mexico City,ABL,MLB,03/02/1997,27,USA,6' 3',220 lbs,Left,Right,2.5 Stars,2.5 Stars,Very Low
LF,4,Ben Brennan,,Puebla,ABL,MLB,05/03/2001,22,USA,6' 6',225 lbs,Left,Left,3.0 Stars,3.5 Stars,Average
LF,51,Kevin Coffey,,León,ABL,MLB,11/04/1984,39,USA,6' 2',235 lbs,Left,Right,2.5 Stars,2.5 Stars,Very Low
LF,91,Matt de la Mora,,Colorado,ABL,MLB,05/05/2001,22,USA,6' 0',190 lbs,Right,Right,2.5 Stars,3.0 Stars,Average
LF,24,Miguel Delgado,,Mississauga,ABL,MLB,10/05/1997,26,MEX,6' 1',210 lbs,Left,Right,2.5 Stars,2.5 Stars,Average
LF,2,Kurt DePalma,,Phoenix,ABL,MLB,03/30/1998,26,USA,5' 10',185 lbs,Left,Left,2.5 Stars,2.5 Stars,Average
LF,19,Luis Diaz,,Ottawa,ABL,MLB,03/25/1998,26,MEX,6' 0',195 lbs,Left,Left,5.0 Stars,5.0 Stars,Very Low
LF,26,Byron Drost,,Ottawa,ABL,MLB,06/11/2000,23,USA,6' 6',235 lbs,Right,Right,2.5 Stars,3.0 Stars,Very Low
LF,13,Stephon Felton,,Fort Worth,ABL,MLB,08/06/1997,26,USA,5' 10',195 lbs,Right,Right,2.5 Stars,2.5 Stars,Very Low
LF,22,Jose Figueroa,,San Luis Potosí,ABL,MLB,01/29/1999,25,MEX,6' 4',220 lbs,Left,Left,3.0 Stars,3.0 Stars,Very Low
LF,1,Russ Fitz,,St. Johns,ABL,MLB,09/16/1995,28,USA,6' 1',210 lbs,Right,Right,2.5 Stars,2.5 Stars,Average
LF,8,Danny Gilbert,,Quebec City,ABL,MLB,04/01/1999,25,USA,6' 1',210 lbs,Right,Right,2.5 Stars,3.0 Stars,Very Low
LF,6,Tom Goins,,New York,ABL,MLB,06/07/1998,25,USA,6' 6',230 lbs,Right,Right,2.5 Stars,2.5 Stars,Very Low
LF,5,Brennan Harris,,Montreal,ABL,MLB,07/11/1993,30,USA,6' 1',215 lbs,Right,Right,2.0 Stars,2.0 Stars,Very Low
LF,25,T.J. Heberlig,,Mérida,ABL,MLB,01/06/1995,29,USA,6' 4',210 lbs,Left,Left,5.0 Stars,5.0 Stars,Very Low
LF,11,Denis Hollis,,St. Johns,ABL,MLB,11/25/1996,27,USA,5' 11',190 lbs,Right,Right,3.0 Stars,3.0 Stars,Very Low
LF,10,Noah Jackson,,Quebec City,ABL,MLB,07/28/1996,27,USA,6' 2',210 lbs,Left,Left,4.5 Stars,4.5 Stars,Average
LF,20,Marquis Jeter,,Austin,ABL,MLB,03/16/1998,26,USA,6' 6',240 lbs,Right,Right,2.5 Stars,3.0 Stars,Average
LF,27,Evan Joseph,,Texas,ABL,MLB,03/04/1999,25,USA,6' 2',205 lbs,Right,Right,4.5 Stars,5.0 Stars,Very Low
LF,39,Dante Juarez,,Mexico City,ABL,MLB,12/20/1996,27,MEX,6' 6',245 lbs,Switch,Right,2.5 Stars,2.5 Stars,Very Low
LF,4,Alvin Lazo,,Calgary,ABL,MLB,04/18/1998,25,MEX,6' 4',225 lbs,Left,Left,3.0 Stars,3.0 Stars,Average
LF,17,Brandon Marx,,Nezahualcoyotl,ABL,MLB,06/18/1997,26,USA,6' 4',225 lbs,Switch,Right,2.5 Stars,2.5 Stars,Average
LF,13,Matt McCabe,,Chicago,ABL,MLB,06/19/1999,24,USA,6' 2',210 lbs,Right,Right,2.5 Stars,3.0 Stars,Very Low
LF,16,Bob Medina,,León,ABL,MLB,08/23/2000,23,USA,6' 1',205 lbs,Right,Right,2.5 Stars,2.5 Stars,Average
LF,13,Jon Melendez,,Victoria,ABL,MLB,08/16/1990,33,MEX,6' 5',235 lbs,Right,Right,3.5 Stars,3.5 Stars,Very Low
LF,55,Jay Miller,,León,ABL,MLB,01/25/1995,29,USA,6' 4',240 lbs,Right,Right,2.5 Stars,2.5 Stars,Very Low
LF,14,Adrian Neville,,San Antonio,ABL,MLB,11/06/1999,24,USA,6' 3',205 lbs,Right,Right,2.0 Stars,2.5 Stars,Very Low
LF,12,Charlie Paull,,Toronto,ABL,MLB,12/28/1998,25,USA,6' 6',240 lbs,Right,Right,2.5 Stars,2.5 Stars,Very Low
LF,20,Nick Pierce,,Guadalajara,ABL,MLB,02/01/1999,25,USA,6' 0',185 lbs,Left,Left,2.0 Stars,2.5 Stars,Average
LF,3,Bobby Ramos,,Fort Worth,ABL,MLB,01/31/1998,26,MEX,6' 2',210 lbs,Right,Right,2.5 Stars,2.5 Stars,Very Low
LF,8,Eric Ray,,Mexico City,ABL,MLB,03/25/1989,35,USA,6' 5',235 lbs,Left,Left,2.5 Stars,2.5 Stars,Very Low
LF,22,Eli Rodriguez,,Vancouver,ABL,MLB,01/13/1998,26,MEX,6' 0',205 lbs,Right,Right,3.0 Stars,3.0 Stars,Very Low
LF,6,MARK ROGERS,@,Windsor,ABL,MLB,03/06/2005,19,USA,6' 1',170 lbs,Left,Right,2.5 Stars,4.0 Stars,Low
LF,18,John Rogler,,Rimbey,AAAA,AAA,07/11/1998,25,USA,6' 0',195 lbs,Left,Left,2.5 Stars,2.5 Stars,Average
LF,23,Bobby Ryan,,San Antonio,ABL,MLB,03/28/1997,27,USA,6' 2',230 lbs,Switch,Right,2.5 Stars,2.5 Stars,Very Low
LF,14,Fred Sabella,,Naucalpan,ABL,MLB,11/25/1996,27,USA,6' 4',220 lbs,Right,Right,2.5 Stars,2.5 Stars,Average
LF,5,Luis Salcedo,,Vancouver,ABL,MLB,07/19/2000,23,MEX,6' 0',200 lbs,Right,Right,2.5 Stars,2.5 Stars,Average
LF,21,Carlos Saldivar,,Mississauga,ABL,MLB,08/20/1990,33,MEX,6' 1',220 lbs,Right,Right,2.5 Stars,2.5 Stars,Very Low
LF,8,Ricardo Sanchez,,Colorado,ABL,MLB,03/09/1999,25,MEX,6' 1',215 lbs,Right,Right,2.5 Stars,2.5 Stars,Very Low
LF,2,Jason Sandidge,,Montreal,ABL,MLB,01/09/1998,26,USA,6' 1',200 lbs,Switch,Left,2.5 Stars,2.5 Stars,Average
LF,8,Franklin Santiago,,Phoenix,ABL,MLB,11/27/1995,28,MEX,6' 0',190 lbs,Switch,Right,2.5 Stars,2.5 Stars,Average
LF,5,Albert Santoscoy,,Victoria,ABL,MLB,05/05/1999,24,MEX,6' 5',235 lbs,Right,Right,2.5 Stars,2.5 Stars,Average
LF,5,Jason Schultz,,Austin,ABL,MLB,09/01/1999,24,USA,6' 5',230 lbs,Right,Right,4.5 Stars,5.0 Stars,Very Low
LF,15,Chris Shaver,,Acapulco,ABL,MLB,09/22/1992,31,USA,6' 6',240 lbs,Left,Right,4.5 Stars,4.5 Stars,Very Low
LF,9,Austin Smith,,Atlanta,ABL,MLB,11/28/2000,23,USA,6' 6',225 lbs,Right,Right,2.5 Stars,4.0 Stars,Average
LF,32,Doug Smith,,Jacksonville,ABL,MLB,10/14/1997,26,USA,6' 0',200 lbs,Left,Left,2.5 Stars,3.0 Stars,Very Low
LF,21,Nate Smith,,Atlanta,ABL,MLB,02/08/1989,35,USA,6' 2',225 lbs,Right,Right,3.5 Stars,3.5 Stars,Average
LF,26,Pat Smith,,Colorado,ABL,MLB,04/10/1991,33,USA,6' 0',200 lbs,Right,Right,4.0 Stars,4.0 Stars,Very Low
LF,14,Josh Tomlin,,Chicago,ABL,MLB,08/06/1996,27,USA,6' 0',195 lbs,Right,Right,3.5 Stars,3.5 Stars,Very Low
LF,12,Zach Trull,,Jacksonville,ABL,MLB,08/23/1993,30,USA,5' 10',200 lbs,Switch,Right,3.5 Stars,3.5 Stars,Very Low
LF,7,Jeff Turner,,Acapulco,ABL,MLB,09/20/1991,32,USA,6' 1',220 lbs,Right,Right,2.5 Stars,2.5 Stars,Very Low
LF,62,Gilberto Vaca,,Texas,ABL,MLB,12/06/2001,22,MEX,6' 6',240 lbs,Right,Right,2.5 Stars,2.5 Stars,Average
LF,26,Perry Vangen,,Apodaca,AAAA,AAA,10/13/1999,24,USA,6' 1',205 lbs,Right,Left,2.5 Stars,2.5 Stars,Very Low
LF,28,Juan Villarreal,,Corpus Christi,AAAA,AAA,03/04/1996,28,MEX,6' 6',240 lbs,Left,Right,2.0 Stars,2.0 Stars,Low
LF,49,Cory Volpe,,San Antonio,ABL,MLB,02/07/1998,26,USA,6' 2',220 lbs,Right,Right,2.5 Stars,2.5 Stars,Average
LF,48,Frank Ward,,San Luis Potosí,ABL,MLB,07/25/1999,24,USA,6' 2',220 lbs,Right,Right,3.0 Stars,3.0 Stars,Very Low
LF,23,Jim Wittner,,New York,ABL,MLB,02/26/1982,42,USA,6' 1',245 lbs,Left,Left,2.0 Stars,2.0 Stars,Average
CF,19,Juan Arriaza,,Tlalnepantla,ABL,MLB,11/04/2000,23,MEX,6' 4',210 lbs,Right,Right,2.0 Stars,2.5 Stars,Very Low
CF,15,Manny Atencio,,Guadalajara,ABL,MLB,12/27/1992,31,MEX,6' 1',210 lbs,Right,Right,2.0 Stars,2.0 Stars,Very Low
CF,29,Ryan Banks,,Colorado,ABL,MLB,07/21/1994,29,USA,5' 10',185 lbs,Left,Left,1.5 Stars,1.5 Stars,Low
CF,10,Dusty Carroll,,Texas,ABL,MLB,03/22/1999,25,USA,6' 1',190 lbs,Switch,Right,4.0 Stars,4.0 Stars,Average
CF,20,Mario Cedeno,,Fort Worth,ABL,MLB,05/02/1998,25,MEX,6' 0',180 lbs,Right,Right,2.0 Stars,2.0 Stars,Very Low
CF,22,Jose Cofield,,Nezahualcoyotl,ABL,MLB,10/29/1997,26,USA,6' 0',190 lbs,Switch,Right,2.5 Stars,2.5 Stars,Average
CF,16,Bill Connel,,Vancouver,ABL,MLB,06/02/1998,25,CAN,6' 1',195 lbs,Right,Right,2.5 Stars,2.5 Stars,Average
CF,12,Josh Courtney,,St. Johns,ABL,MLB,10/08/1999,24,USA,6' 0',195 lbs,Right,Right,2.5 Stars,2.5 Stars,Very Low
CF,12,Mario Cruz,,Mississauga,ABL,MLB,04/01/1997,27,MEX,6' 2',200 lbs,Right,Right,2.5 Stars,2.5 Stars,Average
CF,1,Hector Diaz,,Toronto,ABL,MLB,03/12/1998,26,USA,6' 1',190 lbs,Right,Right,2.0 Stars,2.0 Stars,Very Low
CF,1,Chris Fuller,,Acapulco,ABL,MLB,10/18/2006,17,USA,6' 2',185 lbs,Right,Right,0.5 Stars,3.5 Stars,Low
CF,21,Pedro Gonzales,,Montreal,ABL,MLB,07/22/1998,25,MEX,6' 2',200 lbs,Left,Left,2.5 Stars,2.5 Stars,Very Low
CF,2,Todd Hable,,Colorado,ABL,MLB,11/14/1999,24,USA,6' 0',195 lbs,Switch,Right,2.5 Stars,2.5 Stars,Average
CF,24,Wayne Hogan,,Puebla,ABL,MLB,10/26/1999,24,USA,6' 0',205 lbs,Right,Right,2.0 Stars,2.0 Stars,Average
CF,8,Josh Inverso,,Mérida,ABL,MLB,07/28/1998,25,USA,5' 11',190 lbs,Right,Left,2.5 Stars,2.5 Stars,Very Low
CF,17,Dan Jenkins,,St. Johns,ABL,MLB,07/26/1998,25,USA,6' 1',185 lbs,Left,Right,3.5 Stars,3.5 Stars,Very Low
CF,51,Casey Johnson,,Puebla,ABL,MLB,03/14/1997,27,USA,6' 2',200 lbs,Right,Right,5.0 Stars,5.0 Stars,Very Low
CF,35,Seth Klein,,Markham,AAAA,AAA,08/15/1997,26,USA,6' 2',200 lbs,Right,Right,2.0 Stars,2.0 Stars,Average
CF,22,Jake Knauer,,Acapulco,ABL,MLB,12/16/1996,27,USA,6' 2',205 lbs,Right,Right,2.5 Stars,2.5 Stars,Very Low
CF,9,Jerry Loomis,,New York,ABL,MLB,12/24/1999,24,USA,6' 0',195 lbs,Right,Right,3.0 Stars,3.0 Stars,Very Low
CF,5,Ed Lopez,,Ottawa,ABL,MLB,06/18/1999,24,MEX,6' 4',205 lbs,Right,Right,3.0 Stars,3.0 Stars,Very Low
CF,6,Alejandro Lugo,,Texas,ABL,MLB,01/01/2000,24,MEX,6' 1',195 lbs,Right,Right,2.5 Stars,2.5 Stars,Very Low
CF,13,Jayden Maillard,,Phoenix,ABL,MLB,02/25/1995,29,USA,6' 1',190 lbs,Right,Right,2.5 Stars,2.5 Stars,Very Low
CF,6,Ryan McEwen,,León,ABL,MLB,03/21/2001,23,USA,6' 1',190 lbs,Right,Left,2.5 Stars,2.5 Stars,Average
CF,16,Armando Medina,,Nezahualcoyotl,ABL,MLB,07/23/1997,26,MEX,6' 4',200 lbs,Left,Right,2.5 Stars,2.5 Stars,Average
CF,7,Jeremy Melissinos,,San Luis Potosí,ABL,MLB,06/27/2000,23,USA,6' 1',195 lbs,Right,Right,2.5 Stars,2.5 Stars,Average
CF,9,Tom Mills,,Windsor,ABL,MLB,12/10/1998,25,USA,6' 1',215 lbs,Right,Right,2.0 Stars,2.0 Stars,High
CF,12,David Monge,,Chicago,ABL,MLB,06/21/1999,24,USA,6' 0',185 lbs,Left,Left,2.5 Stars,3.0 Stars,Average
CF,21,Gabe Nava,,Naucalpan,ABL,MLB,06/21/2000,23,MEX,6' 1',200 lbs,Left,Left,3.0 Stars,4.5 Stars,Very Low
CF,18,Alex Nunez,,Jacksonville,ABL,MLB,06/10/1997,26,PUR,6' 2',195 lbs,Left,Left,3.0 Stars,3.0 Stars,Average
CF,86,Edwin Ortiz,,Mexico City,ABL,MLB,02/13/1998,26,MEX,6' 3',205 lbs,Left,Right,3.0 Stars,3.0 Stars,Very Low
CF,13,Danny Perez,,Guadalajara,ABL,MLB,05/06/1999,24,MEX,6' 2',205 lbs,Right,Right,2.5 Stars,2.5 Stars,Average
CF,89,Tim Pring,,Fort Worth,ABL,MLB,07/21/1997,26,USA,6' 0',190 lbs,Left,Left,2.0 Stars,2.0 Stars,Very Low
CF,18,Jesse Puckey,,Mérida,ABL,MLB,08/11/1996,27,USA,6' 1',195 lbs,Right,Left,2.5 Stars,2.5 Stars,Average
CF,14,Sherm Ramos,,Quebec City,ABL,MLB,09/09/1995,28,MEX,6' 1',195 lbs,Right,Right,2.5 Stars,2.5 Stars,Very Low
CF,9,Manny Romo,,Calgary,ABL,MLB,08/09/1997,26,MEX,6' 1',200 lbs,Right,Right,2.5 Stars,2.5 Stars,Very Low
CF,5,Lorenzo Rosado,,St. Johns,ABL,MLB,01/03/2001,23,USA,6' 4',205 lbs,Right,Right,2.5 Stars,2.5 Stars,Very Low
CF,8,Lee Rubin,,Atlanta,ABL,MLB,10/17/1997,26,USA,6' 1',195 lbs,Left,Left,2.5 Stars,2.5 Stars,Average
CF,10,Gerardo Sandoval,,Austin,ABL,MLB,05/26/1999,24,MEX,6' 2',205 lbs,Left,Left,2.5 Stars,2.5 Stars,Very Low
CF,33,Mike Sturgill,,San Antonio,ABL,MLB,05/04/1998,25,USA,6' 1',195 lbs,Left,Left,3.0 Stars,3.0 Stars,Average
CF,18,Tim Williams,,Calgary,ABL,MLB,10/11/1998,25,USA,6' 2',210 lbs,Left,Left,2.5 Stars,2.5 Stars,Average
CF,32,Mike Wilton,,Phoenix,ABL,MLB,04/21/1997,26,USA,6' 0',190 lbs,Switch,Right,2.0 Stars,2.0 Stars,Very Low
CF,16,Keith Woodard,,Victoria,ABL,MLB,06/23/1991,32,USA,5' 11',190 lbs,Switch,Right,2.5 Stars,2.5 Stars,Very Low
RF,5,Dave Abreu,,Calgary,ABL,MLB,10/07/2003,20,MEX,6' 1',180 lbs,Left,Left,4.0 Stars,5.0 Stars,Very Low
RF,10,Chris Allen,,Toronto,ABL,MLB,12/02/1998,25,USA,6' 5',225 lbs,Left,Left,2.0 Stars,2.0 Stars,Very Low
RF,57,Sean Almer,,Atlanta,ABL,MLB,02/04/1997,27,USA,6' 1',200 lbs,Right,Left,2.5 Stars,2.5 Stars,Very Low
RF,11,Vincent Carrasco,,Montreal,ABL,MLB,03/20/2002,22,MEX,6' 3',200 lbs,Left,Left,2.5 Stars,3.0 Stars,Very Low
RF,10,Tommie Casey,,Naucalpan,ABL,MLB,04/13/1993,31,USA,6' 6',235 lbs,Left,Left,2.0 Stars,2.0 Stars,Very Low
RF,9,Luis Chavez,,Vancouver,ABL,MLB,06/27/1996,27,USA,6' 0',200 lbs,Left,Left,2.5 Stars,2.5 Stars,Average
RF,4,Paul Chiasson,,Ottawa,ABL,MLB,04/26/1995,28,CAN,6' 4',215 lbs,Right,Right,3.0 Stars,3.0 Stars,Very Low
RF,24,Nick Cofer,,Tlalnepantla,ABL,MLB,05/19/1999,24,USA,6' 5',225 lbs,Left,Left,2.5 Stars,2.5 Stars,Average
RF,16,Melvin Correa,,New York,ABL,MLB,01/27/1997,27,USA,6' 1',195 lbs,Left,Left,4.0 Stars,4.0 Stars,Very Low
RF,20,Nick Dahl,,Puebla,ABL,MLB,01/26/1998,26,USA,6' 0',200 lbs,Left,Left,2.5 Stars,2.5 Stars,Average
RF,67,Bob Davila,,Toronto,ABL,MLB,11/07/2001,22,USA,6' 6',225 lbs,Right,Left,2.5 Stars,2.5 Stars,Average
RF,4,Tommy Dennis,,León,ABL,MLB,03/26/2000,24,USA,6' 1',195 lbs,Right,Right,2.0 Stars,2.0 Stars,Average
RF,29,Mario Elicerio,,Phoenix,ABL,MLB,01/21/1998,26,USA,6' 4',230 lbs,Right,Right,3.0 Stars,3.0 Stars,Very Low
RF,33,Danny Flores,,Colorado,ABL,MLB,02/27/1999,25,MEX,6' 0',195 lbs,Left,Left,2.5 Stars,2.5 Stars,Very Low
RF,2,Rey Garcia,,Mississauga,ABL,MLB,02/01/1994,30,USA,6' 4',220 lbs,Right,Right,2.5 Stars,2.5 Stars,Average
RF,11,Jason Gibbons,,Nezahualcoyotl,ABL,MLB,01/09/1996,28,USA,6' 1',205 lbs,Left,Left,2.5 Stars,2.5 Stars,Average
RF,42,Roark Hodge,,Victoria,ABL,MLB,04/25/2001,22,CAN,6' 1',195 lbs,Right,Right,3.0 Stars,3.0 Stars,Average
RF,17,Dan Hyche,,Naucalpan,ABL,MLB,06/24/1995,28,USA,6' 0',200 lbs,Right,Right,2.5 Stars,2.5 Stars,Very Low
RF,3,Alfonso Ibarra,,San Antonio,ABL,MLB,03/31/2000,24,MEX,6' 4',225 lbs,Switch,Right,2.5 Stars,3.0 Stars,Average
RF,9,Jose Juarez,,Mexico City,ABL,MLB,08/04/1999,24,MEX,6' 6',230 lbs,Right,Right,3.5 Stars,4.0 Stars,Very Low
RF,13,Tim Kahlig,,Austin,ABL,MLB,03/18/2002,22,USA,6' 2',190 lbs,Right,Left,3.5 Stars,4.0 Stars,Average
RF,1,John Ladner,,Mississauga,ABL,MLB,02/12/1999,25,CAN,6' 5',220 lbs,Right,Right,2.0 Stars,2.0 Stars,Very Low
RF,16,Domingo Maldonado,,Chicago,ABL,MLB,08/16/1999,24,USA,6' 0',200 lbs,Right,Right,2.5 Stars,2.5 Stars,Average
RF,3,Leo Medina,,Mérida,ABL,MLB,03/09/1998,26,USA,6' 2',205 lbs,Right,Right,2.5 Stars,2.5 Stars,Average
RF,10,Mark Michelin,,Nezahualcoyotl,ABL,MLB,02/01/1998,26,USA,6' 6',225 lbs,Left,Left,3.0 Stars,3.0 Stars,Very Low
RF,20,Alex Mina,,Jacksonville,ABL,MLB,09/07/1993,30,MEX,6' 6',235 lbs,Left,Left,2.5 Stars,2.5 Stars,Average
RF,16,Javier Molina,,Windsor,ABL,MLB,05/03/1999,24,MEX,6' 4',230 lbs,Left,Left,2.5 Stars,3.5 Stars,Average
RF,55,Hugo Montez,,Puebla,ABL,MLB,01/15/1992,32,MEX,6' 1',225 lbs,Left,Left,2.0 Stars,2.0 Stars,Very Low
RF,26,Arturo Nieves,,Naucalpan,ABL,MLB,05/12/2006,17,MEX,6' 6',205 lbs,Left,Left,0.5 Stars,2.0 Stars,Low
RF,3,Mike Nobley,,Phoenix,ABL,MLB,01/15/1997,27,USA,6' 6',225 lbs,Right,Right,2.0 Stars,2.0 Stars,Very Low
RF,7,Carlos O'Malley,,Ottawa,ABL,MLB,10/14/1998,25,USA,6' 5',225 lbs,Left,Left,2.0 Stars,2.0 Stars,Very Low
RF,4,Manny Ocanas,,Acapulco,ABL,MLB,01/08/1998,26,MEX,6' 1',205 lbs,Right,Right,2.5 Stars,2.5 Stars,Average
RF,20,Jon Oxford,,Colorado,ABL,MLB,05/12/2000,23,USA,6' 1',195 lbs,Right,Right,2.5 Stars,2.5 Stars,Average
RF,8,Alex Perez,,Chicago,ABL,MLB,04/29/2000,23,MEX,6' 5',220 lbs,Left,Left,4.0 Stars,4.0 Stars,Average
RF,16,Kenny Portman,,San Luis Potosí,ABL,MLB,05/31/1996,27,USA,6' 0',200 lbs,Right,Right,3.5 Stars,3.5 Stars,Very Low
RF,19,Edgar Rodriguez,,Guadalajara,ABL,MLB,12/16/2001,22,USA,6' 4',215 lbs,Left,Left,2.5 Stars,3.0 Stars,Average
RF,47,Marcos Salgado,,Texas,ABL,MLB,06/20/1997,26,MEX,6' 4',215 lbs,Right,Left,2.5 Stars,2.5 Stars,Average
RF,19,Tim Schaap,,Victoria,ABL,MLB,11/11/1997,26,USA,6' 0',185 lbs,Switch,Right,2.5 Stars,2.5 Stars,Average
RF,23,Justin Sciacca,,St. Johns,ABL,MLB,02/17/1996,28,USA,6' 0',205 lbs,Right,Left,2.5 Stars,2.5 Stars,Very Low
RF,13,Mike Sharp,,Montreal,ABL,MLB,09/14/1994,29,USA,6' 2',200 lbs,Left,Right,2.5 Stars,2.5 Stars,Very Low
RF,6,Robby Smith,,Acapulco,ABL,MLB,12/09/2000,23,USA,6' 4',220 lbs,Right,Right,2.5 Stars,2.5 Stars,Average
RF,28,Shane Smith,,Tlalnepantla,ABL,MLB,11/05/2000,23,USA,6' 4',205 lbs,Right,Right,3.0 Stars,3.0 Stars,Average
RF,24,Bob Spiel,,Fort Worth,ABL,MLB,09/01/1995,28,USA,6' 2',210 lbs,Left,Left,3.0 Stars,3.0 Stars,Very Low
RF,10,Justin Stewart,,Vancouver,ABL,MLB,01/01/1999,25,USA,6' 5',230 lbs,Left,Left,2.5 Stars,2.5 Stars,Average
RF,21,Jeremy Stout,,López Mateos,AAAA,AAA,10/13/1999,24,USA,6' 3',225 lbs,Right,Right,2.5 Stars,2.5 Stars,Average
RF,1,Dylan Strasser,,Mérida,ABL,MLB,03/07/1997,27,USA,6' 6',230 lbs,Left,Left,2.5 Stars,2.5 Stars,Very Low
RF,25,Pete Sunseri,,Quebec City,ABL,MLB,08/12/1997,26,USA,6' 0',205 lbs,Right,Right,3.0 Stars,3.0 Stars,Very Low
RF,40,Dan Tidwell,,Austin,ABL,MLB,11/14/1997,26,USA,6' 0',195 lbs,Right,Right,2.5 Stars,2.5 Stars,Average
RF,30,Jose Torres,,San Luis Potosí,ABL,MLB,03/03/1992,32,MEX,6' 1',205 lbs,Left,Left,2.5 Stars,2.5 Stars,Very Low
RF,22,Emmanuel Uresti,,San Antonio,ABL,MLB,04/03/1998,26,MEX,6' 1',215 lbs,Left,Left,1.5 Stars,1.5 Stars,Low
RF,19,Gil Vallejo,,Puebla,ABL,MLB,03/02/2000,24,MEX,6' 6',230 lbs,Left,Left,4.5 Stars,4.5 Stars,Average
RF,25,William Vargas,,Vancouver,ABL,MLB,09/26/1993,30,MEX,6' 4',225 lbs,Left,Left,3.0 Stars,3.0 Stars,Average
